filename,class,is_outlier,outlier_label,R_mean,G_mean,B_mean,R_std,G_std,B_std,gray_mean,gray_std,brightness,contrast,R_min,R_max,G_min,G_max,B_min,B_max
Health_hyper_1.png,Health,False,Normal,141.12598,145.20386,138.8894,75.08036,64.573845,70.60542,143.26474,67.741776,143.26474,67.741776,0.0,255.0,0.0,255.0,0.0,255.0
Health_hyper_10.png,Health,False,Normal,143.25977,111.73828,125.10376,64.83408,52.0965,66.11486,122.686874,52.352627,122.686874,52.352627,0.0,255.0,0.0,255.0,0.0,255.0
Health_hyper_100.png,Health,False,Normal,108.21533,88.56543,102.34839,62.570103,61.83579,63.688488,96.01201,55.82821,96.01201,55.82821,0.0,255.0,0.0,255.0,0.0,255.0
Health_hyper_101.png,Health,False,Normal,67.79907,97.21826,70.17651,63.423016,59.312103,60.016006,85.33917,57.7726,85.33917,57.7726,0.0,255.0,0.0,255.0,0.0,255.0
Health_hyper_102.png,Health,False,Normal,111.05371,128.60352,122.21655,65.65478,64.83348,63.667854,122.628006,63.149544,122.628006,63.149544,0.0,255.0,0.0,255.0,0.0,255.0
Health_hyper_103.png,Health,False,Normal,85.16138,86.0459,81.503174,53.747253,53.383804,53.339344,85.26356,53.25539,85.26356,53.25539,0.0,255.0,0.0,255.0,0.0,255.0
Health_hyper_104.png,Health,False,Normal,111.281006,112.5979,126.363525,66.180756,60.653236,64.18283,113.77343,61.42053,113.77343,61.42053,0.0,255.0,0.0,255.0,0.0,255.0
Health_hyper_105.png,Health,False,Normal,133.32495,125.61597,133.67041,71.331795,66.054214,68.16183,128.83916,66.680405,128.83916,66.680405,0.0,255.0,0.0,255.0,0.0,255.0
Health_hyper_106.png,Health,False,Normal,144.64062,149.08496,155.67065,60.80441,59.971943,61.55581,148.50687,58.654106,148.50687,58.654106,0.0,255.0,0.0,255.0,0.0,255.0
Health_hyper_107.png,Health,False,Normal,116.01758,115.17651,122.23584,67.79769,66.21194,65.73327,116.23276,66.29613,116.23276,66.29613,0.0,255.0,0.0,255.0,0.0,255.0
Health_hyper_108.png,Health,False,Normal,143.1206,144.79199,139.81836,60.99914,58.15826,58.55368,143.72525,56.963642,143.72525,56.963642,0.0,255.0,0.0,255.0,0.0,255.0
Health_hyper_109.png,Health,False,Normal,137.52856,133.98169,137.28589,58.156933,60.36496,57.534374,135.41888,57.181683,135.41888,57.181683,0.0,255.0,0.0,255.0,0.0,255.0
Health_hyper_11.png,Health,False,Normal,121.944824,124.60034,128.40063,68.22281,68.26406,70.73272,124.23958,68.203735,124.23958,68.203735,0.0,255.0,0.0,255.0,0.0,255.0
Health_hyper_110.png,Health,False,Normal,132.6477,128.31055,119.302,66.29777,69.62346,71.08658,128.58038,68.27339,128.58038,68.27339,0.0,255.0,0.0,255.0,0.0,255.0
Health_hyper_111.png,Health,False,Normal,117.50586,139.35498,126.93335,77.49134,65.60445,78.003624,131.40604,68.992386,131.40604,68.992386,0.0,255.0,0.0,255.0,0.0,255.0
Health_hyper_112.png,Health,False,Normal,126.52588,130.13477,128.74634,61.734467,62.85755,61.97821,128.89743,60.740765,128.89743,60.740765,0.0,255.0,0.0,255.0,0.0,255.0
Health_hyper_113.png,Health,False,Normal,167.11475,160.63379,163.85132,62.375355,45.70443,55.70352,162.93839,48.872986,162.93839,48.872986,0.0,255.0,0.0,255.0,0.0,255.0
Health_hyper_114.png,Health,False,Normal,80.170166,133.99927,110.889404,53.545116,63.61281,58.31294,115.269844,52.88306,115.269844,52.88306,0.0,255.0,0.0,255.0,0.0,255.0
Health_hyper_115.png,Health,False,Normal,103.22656,102.1499,105.283936,66.49459,66.19224,66.06962,102.8291,65.785736,102.8291,65.785736,0.0,255.0,0.0,255.0,0.0,255.0
Health_hyper_116.png,Health,False,Normal,109.26587,113.677734,111.82422,59.87459,59.545578,61.450306,112.147285,59.41226,112.147285,59.41226,0.0,255.0,0.0,255.0,0.0,255.0
Health_hyper_117.png,Health,False,Normal,122.559326,114.628174,111.2063,63.860718,58.151917,61.918434,116.6095,56.54547,116.6095,56.54547,0.0,255.0,0.0,255.0,0.0,255.0
Health_hyper_118.png,Health,False,Normal,99.86694,126.19336,100.3103,66.000244,63.617825,64.21497,115.3711,62.628525,115.3711,62.628525,0.0,255.0,0.0,255.0,0.0,255.0
Health_hyper_119.png,Health,False,Normal,109.39429,108.349365,92.01929,64.11562,64.16631,67.017105,106.80017,62.990803,106.80017,62.990803,0.0,255.0,0.0,255.0,0.0,255.0
Health_hyper_12.png,Health,True,Outlier (Flagged),0.0,0.0,0.0,0.0,0.0,0.0,0.0,0.0,0.0,0.0,0.0,0.0,0.0,0.0,0.0,0.0
Health_hyper_120.png,Health,False,Normal,97.7832,116.33325,117.598145,56.453167,56.65391,55.93977,110.930984,54.810566,110.930984,54.810566,0.0,255.0,0.0,255.0,0.0,255.0
Health_hyper_121.png,Health,False,Normal,114.63989,114.504395,118.57959,56.47978,57.30185,59.74788,115.00948,56.959995,115.00948,56.959995,0.0,255.0,0.0,255.0,0.0,255.0
Health_hyper_122.png,Health,False,Normal,110.26416,115.048096,115.61743,69.69622,67.18518,66.32798,113.68261,66.89823,113.68261,66.89823,0.0,255.0,0.0,255.0,0.0,255.0
Health_hyper_123.png,Health,False,Normal,133.15283,140.60889,115.791016,64.42149,64.795906,62.85426,135.55028,62.868267,135.55028,62.868267,0.0,255.0,0.0,255.0,0.0,255.0
Health_hyper_124.png,Health,False,Normal,97.49707,127.28198,111.56348,62.31452,63.034603,61.910122,116.58439,61.65005,116.58439,61.65005,0.0,255.0,0.0,255.0,0.0,255.0
Health_hyper_125.png,Health,False,Normal,116.59912,116.45801,119.92383,59.66353,59.547283,60.8123,116.89531,58.48298,116.89531,58.48298,0.0,255.0,0.0,255.0,0.0,255.0
Health_hyper_126.png,Health,False,Normal,77.03027,87.99097,87.01196,60.642467,60.117657,61.76658,84.60211,59.963535,84.60211,59.963535,0.0,255.0,0.0,255.0,0.0,255.0
Health_hyper_127.png,Health,False,Normal,143.66821,129.54956,130.78638,67.49616,60.068165,64.649155,133.91203,60.891697,133.91203,60.891697,0.0,255.0,0.0,255.0,0.0,255.0
Health_hyper_128.png,Health,False,Normal,88.45801,112.15552,98.05615,66.08825,65.06877,66.66534,103.46263,64.87955,103.46263,64.87955,0.0,255.0,0.0,255.0,0.0,255.0
Health_hyper_129.png,Health,False,Normal,107.373535,104.633545,93.37573,61.395443,65.09857,68.24489,104.16942,61.919956,104.16942,61.919956,0.0,255.0,0.0,255.0,0.0,255.0
Health_hyper_13.png,Health,False,Normal,136.09009,123.30176,134.8728,64.93678,54.270424,60.93016,128.44456,52.272568,128.44456,52.272568,0.0,255.0,0.0,255.0,0.0,255.0
Health_hyper_130.png,Health,False,Normal,140.47559,122.8916,126.069336,59.09688,63.893555,56.616238,128.51147,60.106514,128.51147,60.106514,0.0,255.0,0.0,255.0,0.0,255.0
Health_hyper_131.png,Health,False,Normal,110.69629,127.394775,119.249756,61.715485,57.82463,61.942116,121.473404,54.18089,121.473404,54.18089,0.0,255.0,0.0,255.0,0.0,255.0
Health_hyper_132.png,Health,False,Normal,149.37695,150.42798,134.20532,71.194115,67.60831,70.73432,148.26434,68.05883,148.26434,68.05883,0.0,255.0,0.0,255.0,0.0,255.0
Health_hyper_133.png,Health,False,Normal,119.31201,128.39722,124.01416,68.768654,63.269707,62.345383,125.18107,60.270065,125.18107,60.270065,0.0,255.0,0.0,255.0,0.0,255.0
Health_hyper_134.png,Health,False,Normal,110.427734,116.95703,110.34912,62.254185,66.85179,63.792576,114.251465,63.890034,114.251465,63.890034,0.0,255.0,0.0,255.0,0.0,255.0
Health_hyper_135.png,Health,False,Normal,152.18213,155.90552,156.63843,68.0002,66.40557,70.47737,154.87578,67.08235,154.87578,67.08235,0.0,255.0,0.0,255.0,0.0,255.0
Health_hyper_136.png,Health,False,Normal,138.87402,155.5437,140.07202,73.83643,67.310005,71.215,148.79568,68.16843,148.79568,68.16843,0.0,255.0,0.0,255.0,0.0,255.0
Health_hyper_137.png,Health,False,Normal,130.33276,131.7998,128.31055,67.98715,66.8907,65.82244,130.9634,66.45494,130.9634,66.45494,0.0,255.0,0.0,255.0,0.0,255.0
Health_hyper_138.png,Health,False,Normal,99.84741,120.84961,111.736084,58.5494,60.49743,60.20132,113.531006,57.70288,113.531006,57.70288,0.0,255.0,0.0,255.0,0.0,255.0
Health_hyper_139.png,Health,False,Normal,127.87036,134.05591,122.51245,57.553284,58.325516,53.74079,130.89047,56.044556,130.89047,56.044556,0.0,255.0,0.0,255.0,0.0,255.0
Health_hyper_14.png,Health,False,Normal,93.10889,116.52637,105.34204,63.289703,64.853294,61.541515,108.24953,62.96279,108.24953,62.96279,0.0,255.0,0.0,255.0,0.0,255.0
Health_hyper_140.png,Health,False,Normal,75.00757,71.38257,71.367676,59.272846,57.389977,59.787865,72.464745,57.831253,72.464745,57.831253,0.0,255.0,0.0,255.0,0.0,255.0
Health_hyper_141.png,Health,False,Normal,105.67749,108.63257,107.398926,70.93164,67.46107,73.8914,107.60837,68.925934,107.60837,68.925934,0.0,255.0,0.0,255.0,0.0,255.0
Health_hyper_142.png,Health,False,Normal,98.41919,124.90845,138.40967,68.56459,65.821335,69.03271,118.5273,64.983795,118.5273,64.983795,0.0,255.0,0.0,255.0,0.0,255.0
Health_hyper_143.png,Health,False,Normal,116.47778,130.52222,127.70532,70.17474,61.955673,63.115723,126.001816,61.289417,126.001816,61.289417,0.0,255.0,0.0,255.0,0.0,255.0
Health_hyper_144.png,Health,False,Normal,89.335205,111.4436,102.7168,71.38702,64.2165,64.70056,103.83833,65.23465,103.83833,65.23465,0.0,255.0,0.0,255.0,0.0,255.0
Health_hyper_145.png,Health,False,Normal,85.733154,95.5459,100.50586,62.669598,62.94136,61.122314,93.17732,62.35885,93.17732,62.35885,0.0,255.0,0.0,255.0,0.0,255.0
Health_hyper_146.png,Health,False,Normal,112.842285,123.84741,130.42554,59.457115,63.178925,63.26277,121.306786,60.210613,121.306786,60.210613,0.0,255.0,0.0,255.0,0.0,255.0
Health_hyper_147.png,Health,False,Normal,124.52515,129.8872,136.93262,59.555134,65.74016,64.38082,129.08713,61.887417,129.08713,61.887417,0.0,255.0,0.0,255.0,0.0,255.0
Health_hyper_148.png,Health,False,Normal,126.14819,124.740234,124.03735,72.4371,63.06358,63.416683,125.081085,64.9052,125.081085,64.9052,0.0,255.0,0.0,255.0,0.0,255.0
Health_hyper_149.png,Health,False,Normal,96.852295,120.3999,106.67407,64.95251,63.48566,66.648384,111.79442,62.369286,111.79442,62.369286,0.0,255.0,0.0,255.0,0.0,255.0
Health_hyper_15.png,Health,False,Normal,103.81543,149.70508,111.111084,73.63245,66.79661,73.01109,131.58435,66.929794,131.58435,66.929794,0.0,255.0,0.0,255.0,0.0,255.0
Health_hyper_150.png,Health,False,Normal,116.20532,116.951416,114.208496,60.648087,59.995274,61.381092,116.41564,59.632744,116.41564,59.632744,0.0,255.0,0.0,255.0,0.0,255.0
Health_hyper_151.png,Health,False,Normal,92.60376,119.48364,102.11865,64.510605,60.683014,61.51332,109.46695,58.73488,109.46695,58.73488,0.0,255.0,0.0,255.0,0.0,255.0
Health_hyper_152.png,Health,False,Normal,128.23218,132.70996,136.29932,67.2552,56.736282,64.5393,131.7803,56.30379,131.7803,56.30379,0.0,255.0,0.0,255.0,0.0,255.0
Health_hyper_153.png,Health,True,Outlier (Flagged),0.0,0.0,0.0,0.0,0.0,0.0,0.0,0.0,0.0,0.0,0.0,0.0,0.0,0.0,0.0,0.0
Health_hyper_154.png,Health,False,Normal,113.32202,112.525635,105.27124,66.24619,65.96189,67.70872,111.93676,65.54277,111.93676,65.54277,0.0,255.0,0.0,255.0,0.0,255.0
Health_hyper_155.png,Health,False,Normal,114.967285,129.70972,129.21777,59.822002,59.084324,61.191666,125.24565,55.88407,125.24565,55.88407,0.0,255.0,0.0,255.0,0.0,255.0
Health_hyper_156.png,Health,False,Normal,101.10913,119.70581,103.7666,56.69289,60.51937,60.773556,112.32834,57.453007,112.32834,57.453007,0.0,255.0,0.0,255.0,0.0,255.0
Health_hyper_157.png,Health,False,Normal,114.05078,113.15869,113.79785,60.765045,67.49095,66.543655,113.49829,63.94721,113.49829,63.94721,0.0,255.0,0.0,255.0,0.0,255.0
Health_hyper_158.png,Health,False,Normal,123.98462,146.87085,149.44604,54.58873,58.00061,59.545914,140.32144,55.099,140.32144,55.099,0.0,255.0,0.0,255.0,0.0,255.0
Health_hyper_159.png,Health,False,Normal,107.846436,113.57788,103.068115,75.17875,75.87017,74.7089,110.66606,75.19843,110.66606,75.19843,0.0,255.0,0.0,255.0,0.0,255.0
Health_hyper_16.png,Health,False,Normal,110.52466,110.65527,115.57617,64.95411,62.483215,64.537766,111.1772,62.868004,111.1772,62.868004,0.0,255.0,0.0,255.0,0.0,255.0
Health_hyper_160.png,Health,False,Normal,124.2168,125.37012,123.92407,61.782745,62.602554,63.13188,124.86043,60.082912,124.86043,60.082912,0.0,255.0,0.0,255.0,0.0,255.0
Health_hyper_161.png,Health,False,Normal,105.39258,117.83496,114.16333,67.001114,65.171776,65.814644,113.69613,65.46813,113.69613,65.46813,0.0,255.0,0.0,255.0,0.0,255.0
Health_hyper_162.png,Health,False,Normal,172.56812,162.44287,171.86084,62.500267,58.18175,61.98681,166.54398,59.578945,166.54398,59.578945,0.0,255.0,0.0,255.0,0.0,255.0
Health_hyper_163.png,Health,False,Normal,129.21289,121.62305,117.3064,56.77081,57.26636,54.564087,123.400314,56.43893,123.400314,56.43893,0.0,255.0,0.0,255.0,0.0,255.0
Health_hyper_164.png,Health,False,Normal,126.38672,119.39087,122.05713,61.74492,59.40605,64.4202,121.78659,59.32247,121.78659,59.32247,0.0,255.0,0.0,255.0,0.0,255.0
Health_hyper_165.png,Health,False,Normal,125.66724,116.974365,124.65283,64.85284,60.794914,64.93928,120.44888,61.518353,120.44888,61.518353,0.0,255.0,0.0,255.0,0.0,255.0
Health_hyper_166.png,Health,False,Normal,104.755615,99.292725,99.54077,65.28489,63.960884,66.016594,100.95441,63.424572,100.95441,63.424572,0.0,255.0,0.0,255.0,0.0,255.0
Health_hyper_167.png,Health,True,Outlier (Flagged),0.0,0.0,0.0,0.0,0.0,0.0,0.0,0.0,0.0,0.0,0.0,0.0,0.0,0.0,0.0,0.0
Health_hyper_168.png,Health,False,Normal,156.87866,155.24097,156.45068,39.435406,39.52968,39.50419,155.86855,39.48,155.86855,39.48,0.0,255.0,0.0,255.0,0.0,255.0
Health_hyper_169.png,Health,False,Normal,108.40039,140.44409,123.02124,62.55256,55.92689,58.123627,128.87682,54.07475,128.87682,54.07475,0.0,255.0,0.0,255.0,0.0,255.0
Health_hyper_17.png,Health,False,Normal,99.05005,116.27026,96.0603,60.744244,65.20604,66.41475,108.81749,63.185406,108.81749,63.185406,0.0,255.0,0.0,255.0,0.0,255.0
Health_hyper_170.png,Health,False,Normal,113.261475,112.529785,98.13379,56.14535,55.53134,55.40855,111.10742,53.58988,111.10742,53.58988,0.0,255.0,0.0,255.0,0.0,255.0
Health_hyper_171.png,Health,False,Normal,116.684326,113.471924,113.02368,63.309826,58.613125,57.928196,114.38133,55.55837,114.38133,55.55837,0.0,255.0,0.0,255.0,0.0,255.0
Health_hyper_172.png,Health,False,Normal,121.92236,125.67627,130.34082,61.23462,61.771946,56.77443,125.0856,59.95292,125.0856,59.95292,0.0,255.0,0.0,255.0,0.0,255.0
Health_hyper_173.png,Health,False,Normal,173.09888,174.86475,169.469,58.410336,54.227047,58.39467,173.72165,55.04391,173.72165,55.04391,0.0,255.0,0.0,255.0,0.0,255.0
Health_hyper_174.png,Health,False,Normal,111.293945,118.20679,113.98584,64.10486,61.237762,63.384567,115.65866,60.01895,115.65866,60.01895,0.0,255.0,0.0,255.0,0.0,255.0
Health_hyper_175.png,Health,False,Normal,125.1333,127.37891,118.54639,66.35611,65.17482,75.016785,125.70056,64.66313,125.70056,64.66313,0.0,255.0,0.0,255.0,0.0,255.0
Health_hyper_176.png,Health,False,Normal,72.126465,95.654785,100.87134,56.50441,62.3187,62.459904,89.21451,59.122517,89.21451,59.122517,0.0,255.0,0.0,255.0,0.0,255.0
Health_hyper_177.png,Health,False,Normal,108.9729,127.31909,116.177246,74.071396,60.569237,67.34651,120.5634,61.173122,120.5634,61.173122,0.0,255.0,0.0,255.0,0.0,255.0
Health_hyper_178.png,Health,False,Normal,122.21973,119.950195,120.802734,61.677685,60.427387,60.472317,120.725975,58.895447,120.725975,58.895447,0.0,255.0,0.0,255.0,0.0,255.0
Health_hyper_179.png,Health,False,Normal,125.124756,151.28882,148.21509,59.98643,64.52235,61.89794,143.11536,59.766747,143.11536,59.766747,0.0,255.0,0.0,255.0,0.0,255.0
Health_hyper_18.png,Health,False,Normal,139.35376,137.61133,125.57446,58.528027,59.276237,59.380142,136.7601,57.926876,136.7601,57.926876,0.0,255.0,0.0,255.0,0.0,255.0
Health_hyper_180.png,Health,False,Normal,120.60669,114.03613,120.043945,66.242035,56.247986,64.89516,116.685616,53.32406,116.685616,53.32406,0.0,255.0,0.0,255.0,0.0,255.0
Health_hyper_181.png,Health,False,Normal,90.18799,113.673584,95.977295,61.97859,58.322453,59.837555,104.63402,57.084885,104.63402,57.084885,0.0,255.0,0.0,255.0,0.0,255.0
Health_hyper_182.png,Health,False,Normal,115.2395,115.909424,105.23291,66.40012,61.401085,66.784164,114.49199,62.558292,114.49199,62.558292,0.0,255.0,0.0,255.0,0.0,255.0
Health_hyper_183.png,Health,False,Normal,87.10596,126.007324,96.86377,65.01639,62.08091,64.37623,111.05345,57.206882,111.05345,57.206882,0.0,255.0,0.0,255.0,0.0,255.0
Health_hyper_184.png,Health,False,Normal,107.52222,116.325195,112.25464,66.170364,66.5625,65.536415,113.229065,64.844376,113.229065,64.844376,0.0,255.0,0.0,255.0,0.0,255.0
Health_hyper_185.png,Health,False,Normal,119.36548,120.51807,117.12085,61.786945,60.70219,60.61462,119.78616,58.08473,119.78616,58.08473,0.0,255.0,0.0,255.0,0.0,255.0
Health_hyper_186.png,Health,False,Normal,119.12109,122.51929,111.7854,61.472816,60.29034,58.234142,120.27957,57.211628,120.27957,57.211628,0.0,255.0,0.0,255.0,0.0,255.0
Health_hyper_187.png,Health,False,Normal,119.78003,136.95605,121.34033,76.017746,70.24578,70.758804,130.04022,68.685356,130.04022,68.685356,0.0,255.0,0.0,255.0,0.0,255.0
Health_hyper_188.png,Health,False,Normal,129.88965,137.53052,133.81787,69.65019,68.02079,67.40743,134.82266,67.62875,134.82266,67.62875,0.0,255.0,0.0,255.0,0.0,255.0
Health_hyper_189.png,Health,False,Normal,86.59375,116.88574,110.27051,59.713825,63.30682,61.802002,107.074295,57.119488,107.074295,57.119488,0.0,255.0,0.0,255.0,0.0,255.0
Health_hyper_19.png,Health,False,Normal,134.1958,131.13184,123.06201,60.737206,57.495426,60.78065,131.12799,56.84765,131.12799,56.84765,0.0,255.0,0.0,255.0,0.0,255.0
Health_hyper_190.png,Health,False,Normal,120.90405,126.90405,125.18799,60.642754,62.442352,60.433403,124.91442,60.084816,124.91442,60.084816,0.0,255.0,0.0,255.0,0.0,255.0
Health_hyper_191.png,Health,False,Normal,122.17407,134.16113,129.64893,74.00805,68.162125,60.68258,130.0626,65.37723,130.0626,65.37723,0.0,255.0,0.0,255.0,0.0,255.0
Health_hyper_192.png,Health,False,Normal,99.59375,108.62085,96.09277,70.85979,64.31375,64.445335,104.493546,64.68964,104.493546,64.68964,0.0,255.0,0.0,255.0,0.0,255.0
Health_hyper_193.png,Health,False,Normal,134.09961,144.74414,131.48242,57.432198,56.10273,59.30018,140.04959,55.410633,140.04959,55.410633,0.0,255.0,0.0,255.0,0.0,255.0
Health_hyper_194.png,Health,False,Normal,118.70557,125.630615,123.57837,65.41709,66.47629,66.08138,123.326065,63.83436,123.326065,63.83436,0.0,255.0,0.0,255.0,0.0,255.0
Health_hyper_195.png,Health,False,Normal,86.07886,110.63989,88.35254,61.345394,60.474606,59.707508,100.75539,58.851788,100.75539,58.851788,0.0,255.0,0.0,255.0,0.0,255.0
Health_hyper_196.png,Health,False,Normal,119.5061,126.03003,123.147705,62.200676,63.500637,63.239925,123.75079,60.55959,123.75079,60.55959,0.0,255.0,0.0,255.0,0.0,255.0
Health_hyper_197.png,Health,False,Normal,91.3418,124.590576,106.381836,54.623688,67.16868,59.329502,112.573395,56.820652,112.573395,56.820652,0.0,255.0,0.0,255.0,0.0,255.0
Health_hyper_198.png,Health,False,Normal,101.55005,101.910645,94.60205,76.35649,71.33324,72.75969,100.96965,72.37768,100.96965,72.37768,0.0,255.0,0.0,255.0,0.0,255.0
Health_hyper_199.png,Health,False,Normal,105.826416,107.396484,102.538086,64.49954,66.09904,65.46364,106.37317,64.37989,106.37317,64.37989,0.0,255.0,0.0,255.0,0.0,255.0
Health_hyper_2.png,Health,False,Normal,110.746826,126.06079,113.809326,62.21717,58.117508,60.425323,120.08524,50.518547,120.08524,50.518547,0.0,255.0,0.0,255.0,0.0,255.0
Health_hyper_20.png,Health,False,Normal,121.22461,134.36841,111.01538,61.90115,61.60272,64.04089,127.77617,60.31445,127.77617,60.31445,0.0,255.0,0.0,255.0,0.0,255.0
Health_hyper_200.png,Health,False,Normal,126.5105,127.03076,123.51221,62.468735,63.974777,66.36365,126.47409,61.837044,126.47409,61.837044,0.0,255.0,0.0,255.0,0.0,255.0
Health_hyper_21.png,Health,False,Normal,115.11865,144.8269,102.04175,56.19497,55.45039,61.683563,131.06662,52.13096,131.06662,52.13096,0.0,255.0,0.0,255.0,0.0,255.0
Health_hyper_22.png,Health,False,Normal,130.91089,127.07446,126.43994,63.50106,64.88364,66.31991,128.14922,63.5496,128.14922,63.5496,0.0,255.0,0.0,255.0,0.0,255.0
Health_hyper_23.png,Health,True,Outlier (Flagged),0.0,0.0,0.0,0.0,0.0,0.0,0.0,0.0,0.0,0.0,0.0,0.0,0.0,0.0,0.0,0.0
Health_hyper_24.png,Health,False,Normal,140.21216,138.46338,137.70044,69.94803,62.128445,68.01563,138.89929,64.76207,138.89929,64.76207,0.0,255.0,0.0,255.0,0.0,255.0
Health_hyper_25.png,Health,False,Normal,107.48999,111.86914,97.046875,59.894302,63.728416,68.0511,108.87003,60.54177,108.87003,60.54177,0.0,255.0,0.0,255.0,0.0,255.0
Health_hyper_26.png,Health,True,Outlier (Flagged),0.0,0.0,0.0,0.0,0.0,0.0,0.0,0.0,0.0,0.0,0.0,0.0,0.0,0.0,0.0,0.0
Health_hyper_27.png,Health,False,Normal,130.8623,133.29053,134.11572,57.712296,58.155605,58.183544,132.65855,57.837536,132.65855,57.837536,0.0,255.0,0.0,255.0,0.0,255.0
Health_hyper_28.png,Health,False,Normal,84.30151,101.2207,83.18628,56.715336,55.52291,55.842106,94.10594,51.06408,94.10594,51.06408,0.0,255.0,0.0,255.0,0.0,255.0
Health_hyper_29.png,Health,False,Normal,117.24048,121.63672,115.32129,56.482975,55.052063,55.224297,119.60228,55.139572,119.60228,55.139572,0.0,255.0,0.0,255.0,0.0,255.0
Health_hyper_3.png,Health,False,Normal,93.35571,88.57422,101.41968,60.704056,59.708847,58.72944,91.46827,58.129498,91.46827,58.129498,0.0,255.0,0.0,255.0,0.0,255.0
Health_hyper_30.png,Health,False,Normal,102.9917,129.87256,110.48706,75.313896,67.36715,72.916626,119.625244,69.45528,119.625244,69.45528,0.0,255.0,0.0,255.0,0.0,255.0
Health_hyper_31.png,Health,False,Normal,105.78662,123.35376,115.74634,80.30759,72.45233,76.805244,117.23394,74.699165,117.23394,74.699165,0.0,255.0,0.0,255.0,0.0,255.0
Health_hyper_32.png,Health,False,Normal,71.19922,103.30664,85.17676,59.194744,66.261116,59.280224,91.639725,59.025757,91.639725,59.025757,0.0,255.0,0.0,255.0,0.0,255.0
Health_hyper_33.png,Health,False,Normal,76.428955,97.98926,90.51367,64.25229,56.514847,56.889988,90.690506,56.260807,90.690506,56.260807,0.0,255.0,0.0,255.0,0.0,255.0
Health_hyper_34.png,Health,True,Outlier (Flagged),0.0,0.0,0.0,0.0,0.0,0.0,0.0,0.0,0.0,0.0,0.0,0.0,0.0,0.0,0.0,0.0
Health_hyper_35.png,Health,False,Normal,132.58032,128.57764,133.94678,60.79432,57.57317,61.720127,130.38652,57.09459,130.38652,57.09459,0.0,255.0,0.0,255.0,0.0,255.0
Health_hyper_36.png,Health,False,Normal,100.2561,135.55762,106.2207,60.428646,59.568512,58.410015,121.65806,56.693535,121.65806,56.693535,0.0,255.0,0.0,255.0,0.0,255.0
Health_hyper_37.png,Health,False,Normal,115.168945,131.82007,126.87402,58.779545,61.41823,62.613205,126.277534,57.021698,126.277534,57.021698,0.0,255.0,0.0,255.0,0.0,255.0
Health_hyper_38.png,Health,True,Outlier (Flagged),0.0,0.0,0.0,0.0,0.0,0.0,0.0,0.0,0.0,0.0,0.0,0.0,0.0,0.0,0.0,0.0
Health_hyper_39.png,Health,False,Normal,112.59741,116.87622,111.497314,65.341095,64.04164,63.58394,114.98366,63.920265,114.98366,63.920265,0.0,255.0,0.0,255.0,0.0,255.0
Health_hyper_4.png,Health,False,Normal,87.39307,126.85376,101.24658,64.463936,57.168137,62.621998,112.135796,57.13297,112.135796,57.13297,0.0,255.0,0.0,255.0,0.0,255.0
Health_hyper_40.png,Health,False,Normal,146.3601,142.59644,148.40015,75.184555,70.87223,75.69291,144.38339,72.38851,144.38339,72.38851,0.0,255.0,0.0,255.0,0.0,255.0
Health_hyper_41.png,Health,False,Normal,62.362305,119.35498,77.49243,53.822002,63.234566,49.012714,97.54184,51.108063,97.54184,51.108063,0.0,255.0,0.0,255.0,0.0,255.0
Health_hyper_42.png,Health,False,Normal,129.0249,111.999756,119.78247,57.402496,53.899708,54.854916,117.97751,53.71027,117.97751,53.71027,0.0,255.0,0.0,255.0,0.0,255.0
Health_hyper_43.png,Health,False,Normal,104.81714,106.273926,95.75049,58.464092,57.670437,57.61594,104.63867,57.050278,104.63867,57.050278,0.0,255.0,0.0,255.0,0.0,255.0
Health_hyper_44.png,Health,False,Normal,82.25488,102.02783,95.17505,60.096638,57.200253,57.229904,95.3345,55.11176,95.3345,55.11176,0.0,255.0,0.0,255.0,0.0,255.0
Health_hyper_45.png,Health,False,Normal,170.86743,170.94263,162.67212,62.15358,58.264946,64.74122,169.9773,59.8532,169.9773,59.8532,0.0,255.0,0.0,255.0,0.0,255.0
Health_hyper_46.png,Health,False,Normal,140.60791,153.84668,138.80518,75.42144,68.70789,69.90034,148.17355,70.28905,148.17355,70.28905,0.0,255.0,0.0,255.0,0.0,255.0
Health_hyper_47.png,Health,False,Normal,133.95142,132.8938,120.08374,63.025047,63.95556,65.771164,131.74968,62.574482,131.74968,62.574482,0.0,255.0,0.0,255.0,0.0,255.0
Health_hyper_48.png,Health,False,Normal,131.54102,142.08374,132.06152,72.550156,74.15715,70.88695,137.78894,71.77763,137.78894,71.77763,0.0,255.0,0.0,255.0,0.0,255.0
Health_hyper_49.png,Health,False,Normal,113.227295,124.54443,114.74878,72.25399,67.02454,70.40368,120.0439,68.32012,120.0439,68.32012,0.0,255.0,0.0,255.0,0.0,255.0
Health_hyper_5.png,Health,False,Normal,98.7229,104.63989,98.61694,64.952675,63.582867,61.959576,102.1841,63.073357,102.1841,63.073357,0.0,255.0,0.0,255.0,0.0,255.0
Health_hyper_50.png,Health,False,Normal,115.29468,119.41724,114.79224,60.850025,61.297432,62.379883,117.65735,60.2495,117.65735,60.2495,0.0,255.0,0.0,255.0,0.0,255.0
Health_hyper_51.png,Health,False,Normal,131.56836,105.84863,116.589355,70.43683,54.94596,61.81755,114.763275,55.081455,114.763275,55.081455,0.0,255.0,0.0,255.0,0.0,255.0
Health_hyper_52.png,Health,False,Normal,107.22705,113.44287,121.41211,58.68958,60.442604,62.944225,112.492836,52.98164,112.492836,52.98164,0.0,255.0,0.0,255.0,0.0,255.0
Health_hyper_53.png,Health,False,Normal,87.19849,100.58325,101.18652,64.050156,61.221886,63.896587,96.64998,57.574375,96.64998,57.574375,0.0,255.0,0.0,255.0,0.0,255.0
Health_hyper_54.png,Health,False,Normal,101.63452,108.00195,92.14282,62.688587,63.470314,62.333717,104.290146,58.881107,104.290146,58.881107,0.0,255.0,0.0,255.0,0.0,255.0
Health_hyper_55.png,Health,False,Normal,123.57056,127.05029,118.12891,69.059395,68.2829,74.985176,124.99281,68.8228,124.99281,68.8228,0.0,255.0,0.0,255.0,0.0,255.0
Health_hyper_56.png,Health,False,Normal,117.40723,124.091064,122.49243,61.76743,62.298214,62.858467,121.910355,61.79652,121.910355,61.79652,0.0,255.0,0.0,255.0,0.0,255.0
Health_hyper_57.png,Health,False,Normal,128.1709,127.84131,119.725586,61.987343,62.37546,63.451603,127.014656,61.910973,127.014656,61.910973,0.0,255.0,0.0,255.0,0.0,255.0
Health_hyper_58.png,Health,False,Normal,121.008545,137.73657,134.68872,59.946533,59.804173,57.224663,132.38744,55.8015,132.38744,55.8015,0.0,255.0,0.0,255.0,0.0,255.0
Health_hyper_59.png,Health,False,Normal,90.4043,143.92603,104.69653,51.036358,60.061993,54.083374,123.45086,53.749043,123.45086,53.749043,0.0,255.0,0.0,255.0,0.0,255.0
Health_hyper_6.png,Health,False,Normal,109.84375,122.71265,120.124756,66.69618,64.20907,62.58303,118.569824,62.370964,118.569824,62.370964,0.0,255.0,0.0,255.0,0.0,255.0
Health_hyper_60.png,Health,False,Normal,116.13672,125.4668,101.89429,58.76417,61.25174,64.17529,119.98984,57.56757,119.98984,57.56757,0.0,255.0,0.0,255.0,0.0,255.0
Health_hyper_61.png,Health,False,Normal,129.80127,124.1189,141.07031,57.790432,60.583908,57.137875,127.75039,57.997524,127.75039,57.997524,0.0,255.0,0.0,255.0,0.0,255.0
Health_hyper_62.png,Health,False,Normal,114.26709,112.98096,124.03369,61.653877,62.769463,62.18255,114.62552,61.596478,114.62552,61.596478,0.0,255.0,0.0,255.0,0.0,255.0
Health_hyper_63.png,Health,False,Normal,99.40796,127.56201,118.871826,74.51544,59.69046,65.384575,118.15327,52.24979,118.15327,52.24979,0.0,255.0,0.0,255.0,0.0,255.0
Health_hyper_64.png,Health,False,Normal,125.440674,135.2185,121.35547,55.262424,60.967915,67.779755,130.71455,52.82319,130.71455,52.82319,0.0,255.0,0.0,255.0,0.0,255.0
Health_hyper_65.png,Health,False,Normal,116.8125,119.17749,112.74536,65.74262,64.29454,66.454735,117.73709,64.140434,117.73709,64.140434,0.0,255.0,0.0,255.0,0.0,255.0
Health_hyper_66.png,Health,False,Normal,114.25659,109.88599,108.98462,77.43089,77.5564,76.826096,111.09004,77.351746,111.09004,77.351746,0.0,255.0,0.0,255.0,0.0,255.0
Health_hyper_67.png,Health,True,Outlier (Flagged),0.0,0.0,0.0,0.0,0.0,0.0,0.0,0.0,0.0,0.0,0.0,0.0,0.0,0.0,0.0,0.0
Health_hyper_68.png,Health,False,Normal,94.9314,81.187744,93.56299,58.680935,61.211773,57.63665,86.70787,58.924965,86.70787,58.924965,0.0,255.0,0.0,255.0,0.0,255.0
Health_hyper_69.png,Health,False,Normal,124.809326,120.76123,112.11865,60.600693,62.03168,61.711006,120.98636,60.52379,120.98636,60.52379,0.0,255.0,0.0,255.0,0.0,255.0
Health_hyper_7.png,Health,False,Normal,123.769775,127.11084,127.701904,60.56815,60.694016,60.96281,126.17925,58.355408,126.17925,58.355408,0.0,255.0,0.0,255.0,0.0,255.0
Health_hyper_70.png,Health,False,Normal,94.555176,114.64209,116.12305,58.299427,61.28891,60.05625,108.80493,51.214886,108.80493,51.214886,0.0,255.0,0.0,255.0,0.0,255.0
Health_hyper_71.png,Health,False,Normal,119.58008,114.71362,121.93799,67.91014,69.20654,71.36198,116.99226,66.40687,116.99226,66.40687,0.0,255.0,0.0,255.0,0.0,255.0
Health_hyper_72.png,Health,False,Normal,126.651855,136.01245,140.36694,60.202675,62.476265,62.374126,133.71005,60.178596,133.71005,60.178596,0.0,255.0,0.0,255.0,0.0,255.0
Health_hyper_73.png,Health,False,Normal,122.97632,129.50586,109.15967,69.6412,69.922966,66.62385,125.23406,68.54895,125.23406,68.54895,0.0,255.0,0.0,255.0,0.0,255.0
Health_hyper_74.png,Health,False,Normal,103.226074,120.72339,118.343994,66.51927,59.16195,69.68802,115.22044,55.23831,115.22044,55.23831,0.0,255.0,0.0,255.0,0.0,255.0
Health_hyper_75.png,Health,False,Normal,95.84717,104.17236,86.25098,68.74246,68.44802,69.748856,99.64009,68.288345,99.64009,68.288345,0.0,255.0,0.0,255.0,0.0,255.0
Health_hyper_76.png,Health,True,Outlier (Flagged),0.0,0.0,0.0,0.0,0.0,0.0,0.0,0.0,0.0,0.0,0.0,0.0,0.0,0.0,0.0,0.0
Health_hyper_77.png,Health,False,Normal,116.911865,136.63599,130.30566,61.05627,59.217834,59.626965,130.01682,57.130783,130.01682,57.130783,0.0,255.0,0.0,255.0,0.0,255.0
Health_hyper_78.png,Health,False,Normal,114.953125,124.95581,119.82373,60.383095,59.40356,58.311115,121.379944,57.168262,121.379944,57.168262,0.0,255.0,0.0,255.0,0.0,255.0
Health_hyper_79.png,Health,False,Normal,143.28784,132.54492,131.07861,52.615654,53.49078,54.615078,135.5899,51.770298,135.5899,51.770298,0.0,255.0,0.0,255.0,0.0,255.0
Health_hyper_8.png,Health,False,Normal,85.873535,111.17407,101.795166,54.676453,54.199745,55.91123,102.54001,52.86869,102.54001,52.86869,0.0,255.0,0.0,255.0,0.0,255.0
Health_hyper_80.png,Health,False,Normal,91.738525,116.16235,100.96265,58.67617,65.65352,61.608383,107.12686,61.953117,107.12686,61.953117,0.0,255.0,0.0,255.0,0.0,255.0
Health_hyper_81.png,Health,False,Normal,124.098145,123.47119,110.07666,67.04313,64.48623,62.74806,122.13168,63.911217,122.13168,63.911217,0.0,255.0,0.0,255.0,0.0,255.0
Health_hyper_82.png,Health,False,Normal,116.3811,127.120605,135.86597,62.27058,61.78342,61.08249,124.90647,59.21662,124.90647,59.21662,0.0,255.0,0.0,255.0,0.0,255.0
Health_hyper_83.png,Health,False,Normal,141.23853,142.85352,148.02759,56.46792,56.093052,56.303764,142.96048,55.735466,142.96048,55.735466,0.0,255.0,0.0,255.0,0.0,255.0
Health_hyper_84.png,Health,False,Normal,116.42993,118.82666,108.49707,65.727516,69.836075,68.667015,116.93246,66.70113,116.93246,66.70113,0.0,255.0,0.0,255.0,0.0,255.0
Health_hyper_85.png,Health,False,Normal,137.17554,140.68237,129.23535,65.359055,66.66524,71.52126,138.32887,66.22269,138.32887,66.22269,0.0,255.0,0.0,255.0,0.0,255.0
Health_hyper_86.png,Health,False,Normal,87.11987,122.54834,106.90967,57.36852,60.907223,53.029797,110.172424,47.248447,110.172424,47.248447,0.0,255.0,0.0,255.0,0.0,255.0
Health_hyper_87.png,Health,False,Normal,134.15332,127.48486,139.0476,73.35686,68.510185,71.048836,130.79689,69.742455,130.79689,69.742455,0.0,255.0,0.0,255.0,0.0,255.0
Health_hyper_88.png,Health,False,Normal,102.14209,116.52832,113.68921,59.353962,60.971992,64.150604,111.90318,58.630005,111.90318,58.630005,0.0,255.0,0.0,255.0,0.0,255.0
Health_hyper_89.png,Health,False,Normal,98.36963,128.54736,106.5105,69.96256,66.35264,69.822945,117.01202,65.99878,117.01202,65.99878,0.0,255.0,0.0,255.0,0.0,255.0
Health_hyper_9.png,Health,False,Normal,131.29175,131.19946,126.985596,63.106125,62.53211,62.81537,130.74667,61.829914,130.74667,61.829914,0.0,255.0,0.0,255.0,0.0,255.0
Health_hyper_90.png,Health,False,Normal,144.29785,133.40186,142.40137,70.67616,56.75424,59.210236,137.6857,58.883656,137.6857,58.883656,0.0,255.0,0.0,255.0,0.0,255.0
Health_hyper_91.png,Health,False,Normal,106.35596,119.75098,116.48389,64.385994,63.580837,63.24588,115.37342,60.354897,115.37342,60.354897,0.0,255.0,0.0,255.0,0.0,255.0
Health_hyper_92.png,Health,False,Normal,117.67261,123.345215,117.7959,58.510902,59.27459,59.23849,121.016495,58.10454,121.016495,58.10454,0.0,255.0,0.0,255.0,0.0,255.0
Health_hyper_93.png,Health,False,Normal,100.02246,118.14087,109.72827,68.30764,67.83756,66.91769,111.76443,63.548412,111.76443,63.548412,0.0,255.0,0.0,255.0,0.0,255.0
Health_hyper_94.png,Health,False,Normal,166.06787,173.87964,169.64575,61.67488,54.462986,56.78035,171.06125,55.115795,171.06125,55.115795,0.0,255.0,0.0,255.0,0.0,255.0
Health_hyper_95.png,Health,False,Normal,106.81665,118.16138,110.93677,81.781166,77.07899,77.00678,113.9457,78.1979,113.9457,78.1979,0.0,255.0,0.0,255.0,0.0,255.0
Health_hyper_96.png,Health,False,Normal,106.4436,91.339355,98.67969,60.948788,60.64744,61.406525,96.69233,58.361954,96.69233,58.361954,0.0,255.0,0.0,255.0,0.0,255.0
Health_hyper_97.png,Health,False,Normal,97.908936,132.61353,106.50415,61.795826,63.316307,61.218437,119.26038,60.059834,119.26038,60.059834,0.0,255.0,0.0,255.0,0.0,255.0
Health_hyper_98.png,Health,False,Normal,124.82471,122.728516,121.85327,68.581184,64.231514,66.610085,123.2555,64.749344,123.2555,64.749344,0.0,255.0,0.0,255.0,0.0,255.0
Health_hyper_99.png,Health,False,Normal,105.16577,112.48047,113.851074,69.58921,71.32496,73.621346,110.44962,69.45894,110.44962,69.45894,0.0,255.0,0.0,255.0,0.0,255.0
Other_hyper_1.png,Other,False,Normal,37.63257,47.03003,51.637695,46.27209,48.14768,49.110954,44.74546,47.360176,44.74546,47.360176,0.0,255.0,0.0,255.0,0.0,255.0
Other_hyper_10.png,Other,False,Normal,94.276855,93.466064,90.67236,93.21114,91.935936,91.56157,93.39001,92.21258,93.39001,92.21258,0.0,255.0,0.0,255.0,0.0,255.0
Other_hyper_100.png,Other,False,Normal,95.98828,91.0061,88.42505,59.720234,60.648663,61.46604,92.20154,60.137802,92.20154,60.137802,0.0,255.0,0.0,255.0,0.0,255.0
Other_hyper_101.png,Other,False,Normal,120.54883,120.94629,110.51001,58.78248,60.54505,58.474754,119.63771,57.644787,119.63771,57.644787,0.0,255.0,0.0,255.0,0.0,255.0
Other_hyper_102.png,Other,True,Outlier (Flagged),0.0,0.0,0.0,0.0,0.0,0.0,0.0,0.0,0.0,0.0,0.0,0.0,0.0,0.0,0.0,0.0
Other_hyper_103.png,Other,False,Normal,153.66284,147.06543,143.6709,64.57797,58.734356,59.514618,148.65108,60.111496,148.65108,60.111496,0.0,255.0,0.0,255.0,0.0,255.0
Other_hyper_104.png,Other,False,Normal,129.05762,127.55151,113.85303,72.97397,69.04281,72.04697,126.440216,69.97962,126.440216,69.97962,0.0,255.0,0.0,255.0,0.0,255.0
Other_hyper_105.png,Other,False,Normal,135.96802,144.08423,135.36304,61.571,62.470337,65.33888,140.66327,62.118923,140.66327,62.118923,0.0,255.0,0.0,255.0,0.0,255.0
Other_hyper_106.png,Other,False,Normal,131.31714,129.70898,128.67212,75.10913,74.29067,75.22435,130.07162,74.57303,130.07162,74.57303,0.0,255.0,0.0,255.0,0.0,255.0
Other_hyper_107.png,Other,False,Normal,134.3645,134.98853,134.49829,57.561596,59.458935,59.088985,134.74606,56.73631,134.74606,56.73631,0.0,255.0,0.0,255.0,0.0,255.0
Other_hyper_108.png,Other,False,Normal,109.91455,92.73877,78.97339,50.608055,48.775738,50.102707,96.30508,48.125137,96.30508,48.125137,0.0,255.0,0.0,255.0,0.0,255.0
Other_hyper_109.png,Other,False,Normal,146.49341,148.99438,138.9148,60.421585,59.744648,56.573772,147.09753,59.141537,147.09753,59.141537,0.0,255.0,0.0,255.0,0.0,255.0
Other_hyper_11.png,Other,False,Normal,129.29395,121.396484,118.37158,61.719303,62.881416,64.45753,123.41299,62.064713,123.41299,62.064713,0.0,255.0,0.0,255.0,0.0,255.0
Other_hyper_110.png,Other,False,Normal,152.61914,122.29785,115.988525,51.954567,46.63284,53.88804,130.64465,47.290382,130.64465,47.290382,0.0,255.0,0.0,255.0,0.0,255.0
Other_hyper_111.png,Other,False,Normal,113.437256,111.517334,112.74902,65.831894,68.58263,63.407345,112.23181,66.160614,112.23181,66.160614,0.0,255.0,0.0,255.0,0.0,255.0
Other_hyper_112.png,Other,False,Normal,141.43628,128.48584,136.22461,61.431087,61.3511,59.181545,133.24025,57.23325,133.24025,57.23325,0.0,255.0,0.0,255.0,0.0,255.0
Other_hyper_113.png,Other,True,Outlier (Flagged),0.0,0.0,0.0,0.0,0.0,0.0,0.0,0.0,0.0,0.0,0.0,0.0,0.0,0.0,0.0,0.0
Other_hyper_114.png,Other,False,Normal,108.76489,119.87256,115.12085,67.807144,63.85752,65.893875,116.009674,64.46293,116.009674,64.46293,0.0,255.0,0.0,255.0,0.0,255.0
Other_hyper_115.png,Other,False,Normal,113.48364,125.03296,111.96509,59.100056,61.61985,60.754044,120.08997,60.083473,120.08997,60.083473,0.0,255.0,0.0,255.0,0.0,255.0
Other_hyper_116.png,Other,False,Normal,125.031006,128.41748,132.26025,62.87569,61.433254,61.5094,127.843,61.513577,127.843,61.513577,0.0,255.0,0.0,255.0,0.0,255.0
Other_hyper_117.png,Other,False,Normal,125.9834,124.76367,127.43848,61.253345,61.108727,61.09802,125.433304,60.664654,125.433304,60.664654,0.0,255.0,0.0,255.0,0.0,255.0
Other_hyper_118.png,Other,False,Normal,118.31714,126.82544,116.57788,61.489975,62.28216,66.06273,123.113235,61.41477,123.113235,61.41477,0.0,255.0,0.0,255.0,0.0,255.0
Other_hyper_119.png,Other,False,Normal,121.1416,120.62012,115.4895,62.32285,63.02347,66.317154,120.19115,61.214878,120.19115,61.214878,0.0,255.0,0.0,255.0,0.0,255.0
Other_hyper_12.png,Other,False,Normal,127.50708,120.32544,124.938965,74.37591,69.90342,73.154205,122.9987,71.29599,122.9987,71.29599,0.0,255.0,0.0,255.0,0.0,255.0
Other_hyper_120.png,Other,False,Normal,132.38257,138.46655,133.35596,63.708363,62.726967,62.949913,136.06483,62.48408,136.06483,62.48408,0.0,255.0,0.0,255.0,0.0,255.0
Other_hyper_121.png,Other,True,Outlier (Flagged),0.0,0.0,0.0,0.0,0.0,0.0,0.0,0.0,0.0,0.0,0.0,0.0,0.0,0.0,0.0,0.0
Other_hyper_122.png,Other,True,Outlier (Flagged),0.0,0.0,0.0,0.0,0.0,0.0,0.0,0.0,0.0,0.0,0.0,0.0,0.0,0.0,0.0,0.0
Other_hyper_123.png,Other,False,Normal,170.20142,163.55493,158.37354,52.26915,52.181618,53.664375,164.95155,50.878696,164.95155,50.878696,0.0,255.0,0.0,255.0,0.0,255.0
Other_hyper_124.png,Other,False,Normal,131.27954,131.146,124.53027,61.401573,62.081112,62.6832,130.43173,61.514038,130.43173,61.514038,0.0,255.0,0.0,255.0,0.0,255.0
Other_hyper_125.png,Other,False,Normal,129.27173,126.08472,129.63037,61.88119,60.43499,61.193623,127.44184,60.37042,127.44184,60.37042,0.0,255.0,0.0,255.0,0.0,255.0
Other_hyper_126.png,Other,False,Normal,151.81421,132.19043,134.4165,61.99587,59.764965,59.270973,138.3117,55.489563,138.3117,55.489563,0.0,255.0,0.0,255.0,0.0,255.0
Other_hyper_127.png,Other,False,Normal,116.918945,123.63574,128.93408,59.78252,60.87821,61.675888,122.23143,59.890556,122.23143,59.890556,0.0,255.0,0.0,255.0,0.0,255.0
Other_hyper_128.png,Other,False,Normal,69.64966,70.309814,67.35034,74.61955,75.50436,71.05394,69.77505,74.65523,69.77505,74.65523,0.0,255.0,0.0,255.0,0.0,255.0
Other_hyper_129.png,Other,False,Normal,136.8899,132.86157,123.19141,60.08007,60.698246,62.831524,132.96365,59.550667,132.96365,59.550667,0.0,255.0,0.0,255.0,0.0,255.0
Other_hyper_13.png,Other,False,Normal,137.89307,139.91064,134.93433,55.80664,57.725685,56.199715,138.74008,56.400696,138.74008,56.400696,0.0,255.0,0.0,255.0,0.0,255.0
Other_hyper_130.png,Other,False,Normal,114.059814,117.93628,130.15405,61.971474,64.46501,57.854668,118.170044,61.035244,118.170044,61.035244,0.0,255.0,0.0,255.0,0.0,255.0
Other_hyper_131.png,Other,False,Normal,110.83252,110.22266,111.36377,54.111134,54.370243,55.524506,110.535095,54.318214,110.535095,54.318214,0.0,255.0,0.0,255.0,0.0,255.0
Other_hyper_132.png,Other,False,Normal,145.50757,146.97705,146.32129,46.7998,47.48752,50.175255,146.46292,47.082138,146.46292,47.082138,0.0,255.0,0.0,255.0,0.0,255.0
Other_hyper_133.png,Other,False,Normal,103.0249,124.888916,115.65137,62.448204,60.697052,65.38516,117.2985,59.14827,117.2985,59.14827,0.0,255.0,0.0,255.0,0.0,255.0
Other_hyper_134.png,Other,False,Normal,138.5564,145.62964,142.09473,56.587143,57.933266,63.02858,143.11176,55.651005,143.11176,55.651005,0.0,255.0,0.0,255.0,0.0,255.0
Other_hyper_135.png,Other,False,Normal,100.39917,95.8667,89.23828,60.042465,56.97412,56.36941,96.46626,57.134922,96.46626,57.134922,0.0,255.0,0.0,255.0,0.0,255.0
Other_hyper_136.png,Other,False,Normal,84.58252,78.50391,88.96118,45.83,46.541264,48.206,81.51354,45.374977,81.51354,45.374977,0.0,255.0,0.0,255.0,0.0,255.0
Other_hyper_137.png,Other,False,Normal,130.7107,118.38037,114.53955,54.12792,52.52927,54.334618,121.62929,50.72278,121.62929,50.72278,0.0,255.0,0.0,255.0,0.0,255.0
Other_hyper_138.png,Other,False,Normal,122.751465,125.87305,122.22363,57.797047,60.01492,60.179386,124.52367,55.762592,124.52367,55.762592,0.0,255.0,0.0,255.0,0.0,255.0
Other_hyper_139.png,Other,False,Normal,118.03735,125.51294,122.89453,65.096634,61.266594,62.142803,122.97924,60.58011,122.97924,60.58011,0.0,255.0,0.0,255.0,0.0,255.0
Other_hyper_14.png,Other,False,Normal,132.2876,133.90405,138.91064,69.38172,70.08777,73.30445,133.99149,69.497826,133.99149,69.497826,0.0,255.0,0.0,255.0,0.0,255.0
Other_hyper_140.png,Other,False,Normal,155.90942,153.06372,150.15161,54.042385,50.901527,52.501522,153.58261,51.611446,153.58261,51.611446,0.0,255.0,0.0,255.0,0.0,255.0
Other_hyper_141.png,Other,False,Normal,137.4336,136.6311,126.42871,53.929344,54.397873,53.13439,135.70798,53.298695,135.70798,53.298695,0.0,255.0,0.0,255.0,0.0,255.0
Other_hyper_142.png,Other,False,Normal,79.81177,75.769775,76.3418,55.27948,57.800346,62.839317,77.04355,57.448833,77.04355,57.448833,0.0,255.0,0.0,255.0,0.0,255.0
Other_hyper_143.png,Other,False,Normal,119.20752,122.93457,118.11597,59.54805,60.28472,62.24891,121.27087,60.03595,121.27087,60.03595,0.0,255.0,0.0,255.0,0.0,255.0
Other_hyper_144.png,Other,False,Normal,117.9541,115.81641,116.646484,57.033775,57.88637,61.733734,116.55021,57.394447,116.55021,57.394447,0.0,255.0,0.0,255.0,0.0,255.0
Other_hyper_145.png,Other,False,Normal,104.44336,94.99463,82.644775,57.205376,60.391838,61.16081,96.41192,58.586834,96.41192,58.586834,0.0,255.0,0.0,255.0,0.0,255.0
Other_hyper_146.png,Other,False,Normal,122.47949,132.0835,130.65405,56.88972,57.319588,58.0264,129.04893,57.04919,129.04893,57.04919,0.0,255.0,0.0,255.0,0.0,255.0
Other_hyper_147.png,Other,False,Normal,15.08667,14.989746,15.036133,58.531193,58.171425,58.34136,15.0240135,58.295364,15.0240135,58.295364,0.0,255.0,0.0,255.0,0.0,255.0
Other_hyper_148.png,Other,False,Normal,127.66821,135.8628,137.86377,62.914715,56.83957,64.83444,133.64073,56.494835,133.64073,56.494835,0.0,255.0,0.0,255.0,0.0,255.0
Other_hyper_149.png,Other,True,Outlier (Flagged),0.0,0.0,0.0,0.0,0.0,0.0,0.0,0.0,0.0,0.0,0.0,0.0,0.0,0.0,0.0,0.0
Other_hyper_15.png,Other,False,Normal,133.78955,129.68701,132.20386,53.944984,52.869476,53.722595,131.20059,52.962082,131.20059,52.962082,0.0,255.0,0.0,255.0,0.0,255.0
Other_hyper_150.png,Other,False,Normal,138.67798,132.6665,135.58789,61.514732,61.888153,63.006668,134.79697,61.443623,134.79697,61.443623,0.0,255.0,0.0,255.0,0.0,255.0
Other_hyper_151.png,Other,False,Normal,102.13843,92.08569,85.832275,53.847042,55.871914,61.97166,94.37857,55.007034,94.37857,55.007034,0.0,255.0,0.0,255.0,0.0,255.0
Other_hyper_152.png,Other,False,Normal,105.60742,114.91553,116.77368,66.856575,58.86857,62.062325,112.34423,55.110973,112.34423,55.110973,0.0,255.0,0.0,255.0,0.0,255.0
Other_hyper_153.png,Other,False,Normal,104.60327,110.913574,111.07861,64.72626,62.428944,65.082146,109.04561,62.391983,109.04561,62.391983,0.0,255.0,0.0,255.0,0.0,255.0
Other_hyper_154.png,Other,False,Normal,45.32129,50.61206,57.24121,60.730225,61.30164,60.8174,49.785843,60.93962,49.785843,60.93962,0.0,255.0,0.0,255.0,0.0,255.0
Other_hyper_155.png,Other,True,Outlier (Flagged),0.0,0.0,0.0,0.0,0.0,0.0,0.0,0.0,0.0,0.0,0.0,0.0,0.0,0.0,0.0,0.0
Other_hyper_156.png,Other,False,Normal,106.79761,108.41846,108.7207,58.41653,55.614216,56.641148,107.96828,52.661743,107.96828,52.661743,0.0,255.0,0.0,255.0,0.0,255.0
Other_hyper_157.png,Other,False,Normal,103.456055,115.485596,115.97363,60.814693,64.73671,61.936108,111.9444,57.19484,111.9444,57.19484,0.0,255.0,0.0,255.0,0.0,255.0
Other_hyper_158.png,Other,False,Normal,115.948,108.718994,108.12793,55.18726,60.645683,62.312073,110.81309,57.818733,110.81309,57.818733,0.0,255.0,0.0,255.0,0.0,255.0
Other_hyper_159.png,Other,False,Normal,136.77246,132.97046,123.332275,55.913704,56.98347,57.205276,133.00851,55.81622,133.00851,55.81622,0.0,255.0,0.0,255.0,0.0,255.0
Other_hyper_16.png,Other,False,Normal,109.83179,106.59668,93.835205,60.516083,56.870846,61.63811,106.10917,57.21143,106.10917,57.21143,0.0,255.0,0.0,255.0,0.0,255.0
Other_hyper_160.png,Other,True,Outlier (Flagged),0.0,0.0,0.0,0.0,0.0,0.0,0.0,0.0,0.0,0.0,0.0,0.0,0.0,0.0,0.0,0.0
Other_hyper_161.png,Other,False,Normal,160.66968,154.5935,136.00488,64.93325,62.30155,60.382713,154.29118,61.844296,154.29118,61.844296,0.0,255.0,0.0,255.0,0.0,255.0
Other_hyper_162.png,Other,False,Normal,85.58862,118.76514,97.9541,65.68775,66.47433,64.870476,106.4729,62.073265,106.4729,62.073265,0.0,255.0,0.0,255.0,0.0,255.0
Other_hyper_163.png,Other,True,Outlier (Flagged),0.0,0.0,0.0,0.0,0.0,0.0,0.0,0.0,0.0,0.0,0.0,0.0,0.0,0.0,0.0,0.0
Other_hyper_164.png,Other,False,Normal,145.01758,143.80005,140.83008,91.82407,91.8042,91.73531,143.82552,91.74931,143.82552,91.74931,0.0,255.0,0.0,255.0,0.0,255.0
Other_hyper_165.png,Other,False,Normal,68.47998,65.041016,60.786865,65.68462,67.380356,68.3023,65.58429,66.8819,65.58429,66.8819,0.0,255.0,0.0,255.0,0.0,255.0
Other_hyper_166.png,Other,False,Normal,117.802734,119.76611,120.10791,64.21245,60.77185,60.929966,119.21803,60.122185,119.21803,60.122185,0.0,255.0,0.0,255.0,0.0,255.0
Other_hyper_167.png,Other,False,Normal,127.83789,127.86499,115.40967,74.14924,74.03174,78.76691,126.43698,74.40811,126.43698,74.40811,0.0,255.0,0.0,255.0,0.0,255.0
Other_hyper_168.png,Other,False,Normal,106.21069,124.59473,92.07031,59.518276,61.910965,59.345627,115.390114,58.078922,115.390114,58.078922,0.0,255.0,0.0,255.0,0.0,255.0
Other_hyper_169.png,Other,False,Normal,87.71216,77.183105,77.5105,77.5418,76.60586,77.919136,80.368614,76.9495,80.368614,76.9495,0.0,255.0,0.0,255.0,0.0,255.0
Other_hyper_17.png,Other,False,Normal,121.903076,98.83569,86.57056,53.326954,49.80689,49.83552,104.33462,48.767406,104.33462,48.767406,0.0,255.0,0.0,255.0,0.0,255.0
Other_hyper_170.png,Other,False,Normal,129.27954,126.46997,121.01782,62.575363,62.74042,60.633415,126.68848,61.437984,126.68848,61.437984,0.0,255.0,0.0,255.0,0.0,255.0
Other_hyper_171.png,Other,False,Normal,59.673096,57.41626,59.22168,78.963165,78.20253,77.06238,58.29687,78.21492,58.29687,78.21492,0.0,255.0,0.0,255.0,0.0,255.0
Other_hyper_172.png,Other,False,Normal,147.20459,150.9541,150.61621,63.21014,64.106964,62.960648,149.79448,63.53173,149.79448,63.53173,0.0,255.0,0.0,255.0,0.0,255.0
Other_hyper_173.png,Other,False,Normal,99.17383,87.784424,85.25757,55.25897,54.579052,52.56847,90.901794,53.70558,90.901794,53.70558,0.0,255.0,0.0,255.0,0.0,255.0
Other_hyper_174.png,Other,True,Outlier (Flagged),0.0,0.0,0.0,0.0,0.0,0.0,0.0,0.0,0.0,0.0,0.0,0.0,0.0,0.0,0.0,0.0
Other_hyper_175.png,Other,False,Normal,140.43018,131.0791,132.36963,60.75112,59.972263,59.501892,134.02219,59.39164,134.02219,59.39164,0.0,255.0,0.0,255.0,0.0,255.0
Other_hyper_176.png,Other,False,Normal,46.841553,45.465576,47.876465,45.28289,45.86507,48.36074,46.151833,45.76804,46.151833,45.76804,0.0,255.0,0.0,255.0,0.0,255.0
Other_hyper_177.png,Other,False,Normal,37.619385,38.87329,43.16577,56.718628,57.375965,57.783413,38.987717,57.093082,38.987717,57.093082,0.0,255.0,0.0,255.0,0.0,255.0
Other_hyper_178.png,Other,False,Normal,134.5918,133.45776,131.57544,85.2183,84.64688,83.582794,133.58224,84.682304,133.58224,84.682304,0.0,255.0,0.0,255.0,0.0,255.0
Other_hyper_179.png,Other,False,Normal,154.28394,135.35547,112.583496,54.360626,49.04976,50.955788,138.41908,48.675594,138.41908,48.675594,0.0,255.0,0.0,255.0,0.0,255.0
Other_hyper_18.png,Other,False,Normal,131.6018,130.802,130.18481,63.01497,62.762638,67.94074,130.9708,61.69061,130.9708,61.69061,0.0,255.0,0.0,255.0,0.0,255.0
Other_hyper_180.png,Other,False,Normal,37.229004,38.924316,42.92871,55.270145,55.26563,55.65794,38.87392,55.268387,38.87392,55.268387,0.0,255.0,0.0,255.0,0.0,255.0
Other_hyper_181.png,Other,False,Normal,144.25415,144.71631,150.21997,64.88655,63.07129,65.43327,145.20554,63.29328,145.20554,63.29328,0.0,255.0,0.0,255.0,0.0,255.0
Other_hyper_182.png,Other,False,Normal,73.68506,77.81616,83.387695,70.11171,70.39964,70.22542,77.21611,70.23632,77.21611,70.23632,0.0,255.0,0.0,255.0,0.0,255.0
Other_hyper_183.png,Other,False,Normal,149.29858,151.58398,147.95264,63.56413,60.826958,64.46235,150.48668,61.616623,150.48668,61.616623,0.0,255.0,0.0,255.0,0.0,255.0
Other_hyper_184.png,Other,False,Normal,119.14502,112.62842,113.53296,61.47095,61.907078,62.70096,114.68,60.63624,114.68,60.63624,0.0,255.0,0.0,255.0,0.0,255.0
Other_hyper_185.png,Other,False,Normal,86.808105,89.23462,91.15332,52.084366,55.009464,56.9624,88.72782,53.990078,88.72782,53.990078,0.0,255.0,0.0,255.0,0.0,255.0
Other_hyper_186.png,Other,False,Normal,86.328125,110.31152,96.51489,58.19993,60.406704,59.56675,101.56767,58.621025,101.56767,58.621025,0.0,255.0,0.0,255.0,0.0,255.0
Other_hyper_187.png,Other,False,Normal,34.11035,38.260986,42.453857,56.10041,56.94891,58.603596,37.497932,56.771965,37.497932,56.771965,0.0,255.0,0.0,255.0,0.0,255.0
Other_hyper_188.png,Other,False,Normal,110.40088,127.506836,115.9209,74.7135,67.879135,74.10917,121.07136,69.865524,121.07136,69.865524,0.0,255.0,0.0,255.0,0.0,255.0
Other_hyper_189.png,Other,False,Normal,130.99829,136.19775,138.18896,64.06201,63.982487,63.947433,134.87012,62.989376,134.87012,62.989376,0.0,255.0,0.0,255.0,0.0,255.0
Other_hyper_19.png,Other,False,Normal,129.81494,143.39526,141.03247,67.47268,60.35582,65.19861,139.0654,60.438305,139.0654,60.438305,0.0,255.0,0.0,255.0,0.0,255.0
Other_hyper_190.png,Other,False,Normal,101.15967,123.110596,110.23096,59.09903,59.14751,64.39116,115.07899,54.634068,115.07899,54.634068,0.0,255.0,0.0,255.0,0.0,255.0
Other_hyper_191.png,Other,False,Normal,137.55762,135.51636,139.86035,75.17762,74.2111,77.17474,136.62192,74.404144,136.62192,74.404144,0.0,255.0,0.0,255.0,0.0,255.0
Other_hyper_192.png,Other,False,Normal,30.50586,30.54248,30.563232,77.41447,77.54329,77.61161,30.533897,77.5052,30.533897,77.5052,0.0,255.0,0.0,255.0,0.0,255.0
Other_hyper_193.png,Other,False,Normal,117.440674,117.24878,114.11401,60.016853,58.571865,59.55652,116.94879,58.34927,116.94879,58.34927,0.0,255.0,0.0,255.0,0.0,255.0
Other_hyper_194.png,Other,False,Normal,146.98657,150.10303,144.45361,63.97442,63.70614,62.32259,148.52716,63.332092,148.52716,63.332092,0.0,255.0,0.0,255.0,0.0,255.0
Other_hyper_195.png,Other,False,Normal,40.178223,42.33618,45.466553,54.98155,55.299362,55.485043,42.047813,55.119476,42.047813,55.119476,0.0,255.0,0.0,255.0,0.0,255.0
Other_hyper_196.png,Other,False,Normal,109.33423,124.05835,116.36963,58.113926,61.67206,59.09574,118.77933,59.891808,118.77933,59.891808,0.0,255.0,0.0,255.0,0.0,255.0
Other_hyper_197.png,Other,False,Normal,102.71924,111.33154,106.740234,73.409096,70.14803,73.06582,108.23305,70.37783,108.23305,70.37783,0.0,255.0,0.0,255.0,0.0,255.0
Other_hyper_198.png,Other,False,Normal,130.40967,109.93042,101.55908,56.622406,62.17754,61.802498,115.09938,57.983356,115.09938,57.983356,0.0,255.0,0.0,255.0,0.0,255.0
Other_hyper_199.png,Other,False,Normal,108.75,105.54419,110.63672,77.88897,73.55819,75.05721,107.08328,74.8983,107.08328,74.8983,0.0,255.0,0.0,255.0,0.0,255.0
Other_hyper_2.png,Other,False,Normal,99.938965,94.173584,106.14331,63.2196,62.305668,58.848427,97.261986,61.505527,97.261986,61.505527,0.0,255.0,0.0,255.0,0.0,255.0
Other_hyper_20.png,Other,False,Normal,145.46191,147.3269,143.35986,61.631653,57.155884,62.8132,146.31703,58.18059,146.31703,58.18059,0.0,255.0,0.0,255.0,0.0,255.0
Other_hyper_200.png,Other,False,Normal,92.22974,93.079346,87.06641,45.86765,44.737823,45.686703,92.13983,44.4816,92.13983,44.4816,0.0,255.0,0.0,255.0,0.0,255.0
Other_hyper_21.png,Other,False,Normal,105.418945,113.44702,115.4187,59.572334,62.641495,63.65929,111.2714,60.535717,111.2714,60.535717,0.0,255.0,0.0,255.0,0.0,255.0
Other_hyper_22.png,Other,True,Outlier (Flagged),0.0,0.0,0.0,0.0,0.0,0.0,0.0,0.0,0.0,0.0,0.0,0.0,0.0,0.0,0.0,0.0
Other_hyper_23.png,Other,False,Normal,124.7688,123.822754,121.200195,63.6689,57.145252,65.01655,123.80665,58.752453,123.80665,58.752453,0.0,255.0,0.0,255.0,0.0,255.0
Other_hyper_24.png,Other,False,Normal,85.60498,102.937256,95.31348,65.95662,62.34801,63.705345,96.885796,62.800484,96.885796,62.800484,0.0,255.0,0.0,255.0,0.0,255.0
Other_hyper_25.png,Other,False,Normal,125.94385,149.62158,125.370605,59.48008,56.779026,61.37221,139.77733,52.7072,139.77733,52.7072,0.0,255.0,0.0,255.0,0.0,255.0
Other_hyper_26.png,Other,True,Outlier (Flagged),0.0,0.0,0.0,0.0,0.0,0.0,0.0,0.0,0.0,0.0,0.0,0.0,0.0,0.0,0.0,0.0
Other_hyper_27.png,Other,False,Normal,87.77051,122.173584,93.15503,59.3384,63.787956,60.735996,108.57895,59.29322,108.57895,59.29322,0.0,255.0,0.0,255.0,0.0,255.0
Other_hyper_28.png,Other,False,Normal,138.073,127.322754,131.6499,58.40739,57.131523,55.10703,131.03038,53.85059,131.03038,53.85059,0.0,255.0,0.0,255.0,0.0,255.0
Other_hyper_29.png,Other,False,Normal,98.11987,112.90796,98.64038,61.596935,57.60532,62.289433,106.85982,57.54482,106.85982,57.54482,0.0,255.0,0.0,255.0,0.0,255.0
Other_hyper_3.png,Other,False,Normal,131.55103,124.30615,127.09375,59.82537,58.21549,60.558002,126.79015,56.999363,126.79015,56.999363,0.0,255.0,0.0,255.0,0.0,255.0
Other_hyper_30.png,Other,False,Normal,145.6377,145.5105,144.3877,63.523556,63.516674,63.42536,145.42053,63.297115,145.42053,63.297115,0.0,255.0,0.0,255.0,0.0,255.0
Other_hyper_31.png,Other,True,Outlier (Flagged),0.0,0.0,0.0,0.0,0.0,0.0,0.0,0.0,0.0,0.0,0.0,0.0,0.0,0.0,0.0,0.0
Other_hyper_32.png,Other,False,Normal,62.296387,62.380127,57.40576,45.875187,47.930347,50.315758,61.78801,47.34006,61.78801,47.34006,0.0,255.0,0.0,255.0,0.0,255.0
Other_hyper_33.png,Other,False,Normal,150.92847,155.07397,139.39966,50.538387,48.906967,49.546776,152.0476,49.05207,152.0476,49.05207,0.0,255.0,0.0,255.0,0.0,255.0
Other_hyper_34.png,Other,False,Normal,133.53955,136.16626,132.89648,52.775978,50.29005,51.550594,135.00812,50.265602,135.00812,50.265602,0.0,255.0,0.0,255.0,0.0,255.0
Other_hyper_35.png,Other,False,Normal,128.24854,125.677734,122.809326,64.47481,58.393517,61.433544,126.1194,60.045975,126.1194,60.045975,0.0,255.0,0.0,255.0,0.0,255.0
Other_hyper_36.png,Other,False,Normal,160.53516,159.89966,156.96997,50.394512,51.281693,51.533386,159.75569,50.341576,159.75569,50.341576,0.0,255.0,0.0,255.0,0.0,255.0
Other_hyper_37.png,Other,False,Normal,93.58984,133.79199,112.20166,67.03045,64.82619,61.33705,119.31026,62.663216,119.31026,62.663216,0.0,255.0,0.0,255.0,0.0,255.0
Other_hyper_38.png,Other,False,Normal,133.98999,134.34912,136.24805,61.410717,57.3719,57.11773,134.45822,58.147133,134.45822,58.147133,0.0,255.0,0.0,255.0,0.0,255.0
Other_hyper_39.png,Other,False,Normal,119.52319,113.41821,102.00366,60.191494,59.222694,56.123516,113.942345,58.493282,113.942345,58.493282,0.0,255.0,0.0,255.0,0.0,255.0
Other_hyper_4.png,Other,False,Normal,122.868164,135.8418,124.12305,62.048153,62.320602,67.844955,130.62674,59.62118,130.62674,59.62118,0.0,255.0,0.0,255.0,0.0,255.0
Other_hyper_40.png,Other,False,Normal,131.71167,109.83252,114.82886,64.74128,56.757988,56.663513,116.94397,50.18161,116.94397,50.18161,0.0,255.0,0.0,255.0,0.0,255.0
Other_hyper_41.png,Other,False,Normal,98.21094,124.607666,96.968506,56.435326,59.518402,59.105015,113.56418,55.09137,113.56418,55.09137,0.0,255.0,0.0,255.0,0.0,255.0
Other_hyper_42.png,Other,False,Normal,127.38989,131.95435,127.16406,67.37484,64.10383,61.30836,130.04349,64.022026,130.04349,64.022026,0.0,255.0,0.0,255.0,0.0,255.0
Other_hyper_43.png,Other,False,Normal,144.24121,135.00024,144.6521,65.09328,59.21238,61.295933,138.86362,54.804775,138.86362,54.804775,0.0,255.0,0.0,255.0,0.0,255.0
Other_hyper_44.png,Other,False,Normal,127.8396,136.06885,144.34644,61.620274,58.83266,60.414173,134.55194,57.84043,134.55194,57.84043,0.0,255.0,0.0,255.0,0.0,255.0
Other_hyper_45.png,Other,False,Normal,166.72266,169.85156,161.2019,62.280117,62.43744,58.389183,167.92995,60.9348,167.92995,60.9348,0.0,255.0,0.0,255.0,0.0,255.0
Other_hyper_46.png,Other,False,Normal,141.9497,151.15527,142.96411,65.54428,64.23221,64.71767,147.46901,63.735214,147.46901,63.735214,0.0,255.0,0.0,255.0,0.0,255.0
Other_hyper_47.png,Other,False,Normal,121.15869,124.788086,127.1084,62.70245,65.57478,63.163544,123.96742,62.7074,123.96742,62.7074,0.0,255.0,0.0,255.0,0.0,255.0
Other_hyper_48.png,Other,False,Normal,134.91602,111.45996,125.30469,67.40301,53.324104,56.80314,120.05162,46.923515,120.05162,46.923515,0.0,255.0,0.0,255.0,0.0,255.0
Other_hyper_49.png,Other,False,Normal,118.17334,106.28174,92.91333,60.447723,58.66888,56.730938,108.31333,58.086422,108.31333,58.086422,0.0,255.0,0.0,255.0,0.0,255.0
Other_hyper_5.png,Other,False,Normal,126.02515,121.60425,123.72583,63.350605,64.54664,63.832817,123.16796,60.566555,123.16796,60.566555,0.0,255.0,0.0,255.0,0.0,255.0
Other_hyper_50.png,Other,True,Outlier (Flagged),0.0,0.0,0.0,0.0,0.0,0.0,0.0,0.0,0.0,0.0,0.0,0.0,0.0,0.0,0.0,0.0
Other_hyper_51.png,Other,False,Normal,147.07886,142.82935,137.29956,60.32526,62.054886,61.21831,143.46956,60.48865,143.46956,60.48865,0.0,255.0,0.0,255.0,0.0,255.0
Other_hyper_52.png,Other,False,Normal,134.95166,136.5774,137.37231,60.52839,60.927666,61.21094,136.18192,60.486237,136.18192,60.486237,0.0,255.0,0.0,255.0,0.0,255.0
Other_hyper_53.png,Other,False,Normal,152.17725,154.771,151.69263,61.704624,61.387627,61.445667,153.64453,61.272648,153.64453,61.272648,0.0,255.0,0.0,255.0,0.0,255.0
Other_hyper_54.png,Other,False,Normal,138.70825,129.29321,112.87671,58.54083,57.24432,58.056923,130.23683,54.076706,130.23683,54.076706,0.0,255.0,0.0,255.0,0.0,255.0
Other_hyper_55.png,Other,False,Normal,145.17114,146.8418,143.33862,56.257267,54.00241,54.620247,145.9429,53.129433,145.9429,53.129433,0.0,255.0,0.0,255.0,0.0,255.0
Other_hyper_56.png,Other,False,Normal,117.54956,129.88672,115.846436,61.044422,65.10272,65.76427,124.59731,62.449024,124.59731,62.449024,0.0,255.0,0.0,255.0,0.0,255.0
Other_hyper_57.png,Other,False,Normal,106.5603,129.63501,123.91284,61.911648,63.387623,64.31512,122.08335,60.06615,122.08335,60.06615,0.0,255.0,0.0,255.0,0.0,255.0
Other_hyper_58.png,Other,False,Normal,133.25586,115.57861,128.54565,58.497345,56.840443,58.35701,122.34235,55.010525,122.34235,55.010525,0.0,255.0,0.0,255.0,0.0,255.0
Other_hyper_59.png,Other,False,Normal,55.765137,58.086914,62.917236,68.91399,68.51819,67.79537,57.94336,68.51387,57.94336,68.51387,0.0,255.0,0.0,255.0,0.0,255.0
Other_hyper_6.png,Other,False,Normal,127.80444,120.76514,112.62109,55.99373,58.140907,59.893665,121.94147,56.200752,121.94147,56.200752,0.0,255.0,0.0,255.0,0.0,255.0
Other_hyper_60.png,Other,False,Normal,102.33569,97.882324,93.21582,51.085484,51.74681,53.502575,98.6819,51.556953,98.6819,51.556953,0.0,255.0,0.0,255.0,0.0,255.0
Other_hyper_61.png,Other,False,Normal,109.49658,111.869385,106.8584,63.229004,63.223595,59.78741,110.58865,62.217445,110.58865,62.217445,0.0,255.0,0.0,255.0,0.0,255.0
Other_hyper_62.png,Other,False,Normal,93.631836,120.23682,94.7959,55.467556,60.51923,53.3934,109.38166,55.8291,109.38166,55.8291,0.0,255.0,0.0,255.0,0.0,255.0
Other_hyper_63.png,Other,False,Normal,116.354004,117.964355,122.00781,58.13386,58.589222,60.232643,117.94382,57.74554,117.94382,57.74554,0.0,255.0,0.0,255.0,0.0,255.0
Other_hyper_64.png,Other,True,Outlier (Flagged),0.0,0.0,0.0,0.0,0.0,0.0,0.0,0.0,0.0,0.0,0.0,0.0,0.0,0.0,0.0,0.0
Other_hyper_65.png,Other,False,Normal,123.562744,119.49487,122.879395,59.416832,61.92641,61.40834,121.097,60.568348,121.097,60.568348,0.0,255.0,0.0,255.0,0.0,255.0
Other_hyper_66.png,Other,False,Normal,132.76514,134.63135,134.47363,57.789936,57.06465,57.377884,134.05536,57.118668,134.05536,57.118668,0.0,255.0,0.0,255.0,0.0,255.0
Other_hyper_67.png,Other,False,Normal,145.29028,143.98608,145.22339,60.04794,60.455627,58.844334,144.51709,59.820545,144.51709,59.820545,0.0,255.0,0.0,255.0,0.0,255.0
Other_hyper_68.png,Other,False,Normal,159.33545,155.99634,150.45361,52.548473,52.27995,54.243874,156.36285,52.49763,156.36285,52.49763,0.0,255.0,0.0,255.0,0.0,255.0
Other_hyper_69.png,Other,False,Normal,132.66455,138.28125,128.5957,59.082043,58.290215,60.15753,135.49771,54.92754,135.49771,54.92754,0.0,255.0,0.0,255.0,0.0,255.0
Other_hyper_7.png,Other,False,Normal,83.50073,86.85986,92.0918,72.05374,70.321205,71.53262,86.45193,70.597145,86.45193,70.597145,0.0,255.0,0.0,255.0,0.0,255.0
Other_hyper_70.png,Other,False,Normal,136.23096,135.57593,130.1665,56.721703,54.88765,55.730995,135.15512,55.0143,135.15512,55.0143,0.0,255.0,0.0,255.0,0.0,255.0
Other_hyper_71.png,Other,False,Normal,102.68359,92.44629,110.526855,50.004932,48.311577,52.628353,97.56843,48.147854,97.56843,48.147854,0.0,255.0,0.0,255.0,0.0,255.0
Other_hyper_72.png,Other,False,Normal,125.70508,127.60742,119.04126,62.52439,61.535763,60.042767,126.06208,59.40575,126.06208,59.40575,0.0,255.0,0.0,255.0,0.0,255.0
Other_hyper_73.png,Other,False,Normal,115.42969,120.42261,110.869385,64.529015,64.56744,65.941154,117.84066,63.97861,117.84066,63.97861,0.0,255.0,0.0,255.0,0.0,255.0
Other_hyper_74.png,Other,False,Normal,125.55713,129.07544,133.49463,58.271065,58.22149,60.38654,128.52725,55.944508,128.52725,55.944508,0.0,255.0,0.0,255.0,0.0,255.0
Other_hyper_75.png,Other,False,Normal,125.68848,122.03003,109.896484,62.96645,61.95351,59.958298,121.74069,59.42211,121.74069,59.42211,0.0,255.0,0.0,255.0,0.0,255.0
Other_hyper_76.png,Other,False,Normal,142.73804,141.97852,140.6206,63.1477,62.84324,62.369785,142.05081,62.858402,142.05081,62.858402,0.0,255.0,0.0,255.0,0.0,255.0
Other_hyper_77.png,Other,False,Normal,116.968506,96.604004,120.06299,67.65675,57.387123,62.371784,105.36732,54.18728,105.36732,54.18728,0.0,255.0,0.0,255.0,0.0,255.0
Other_hyper_78.png,Other,False,Normal,107.852295,111.03247,83.46655,54.166737,55.06432,53.850918,106.93909,53.23048,106.93909,53.23048,0.0,255.0,0.0,255.0,0.0,255.0
Other_hyper_79.png,Other,False,Normal,108.80078,110.65088,111.0647,57.599606,59.039814,57.926315,110.144875,58.195602,110.144875,58.195602,0.0,255.0,0.0,255.0,0.0,255.0
Other_hyper_8.png,Other,False,Normal,112.21167,108.12988,101.67871,68.56677,71.42558,70.64712,108.61491,70.28909,108.61491,70.28909,0.0,255.0,0.0,255.0,0.0,255.0
Other_hyper_80.png,Other,False,Normal,113.93506,107.85791,110.17407,61.948147,61.87071,65.18004,109.93902,61.34835,109.93902,61.34835,0.0,255.0,0.0,255.0,0.0,255.0
Other_hyper_81.png,Other,False,Normal,118.684326,115.79199,112.02222,57.00483,57.16674,57.03755,116.22705,55.773407,116.22705,55.773407,0.0,255.0,0.0,255.0,0.0,255.0
Other_hyper_82.png,Other,False,Normal,144.00415,156.75635,133.67676,62.505245,58.653923,57.222702,150.31236,57.0445,150.31236,57.0445,0.0,255.0,0.0,255.0,0.0,255.0
Other_hyper_83.png,Other,False,Normal,83.99365,107.47046,92.46094,71.918365,67.84711,69.61802,98.739815,68.72847,98.739815,68.72847,0.0,255.0,0.0,255.0,0.0,255.0
Other_hyper_84.png,Other,False,Normal,36.111816,40.713135,48.799316,47.568295,48.08154,49.318123,40.259167,47.878292,40.259167,47.878292,0.0,255.0,0.0,255.0,0.0,255.0
Other_hyper_85.png,Other,False,Normal,114.05054,134.22168,134.51782,55.74986,62.16227,63.71674,128.22427,58.21427,128.22427,58.21427,0.0,255.0,0.0,255.0,0.0,255.0
Other_hyper_86.png,Other,False,Normal,146.40967,147.05054,148.94312,57.41143,53.3549,55.557793,147.07468,53.1269,147.07468,53.1269,0.0,255.0,0.0,255.0,0.0,255.0
Other_hyper_87.png,Other,False,Normal,97.153076,74.09424,58.15381,54.431755,42.40072,40.693436,79.17162,44.693302,79.17162,44.693302,0.0,255.0,0.0,255.0,0.0,255.0
Other_hyper_88.png,Other,False,Normal,132.79004,127.0354,121.104004,55.031277,53.05757,57.043255,128.07986,52.992973,128.07986,52.992973,0.0,255.0,0.0,255.0,0.0,255.0
Other_hyper_89.png,Other,False,Normal,141.69946,135.09375,135.2622,60.76647,60.74266,59.853916,137.08806,60.27239,137.08806,60.27239,0.0,255.0,0.0,255.0,0.0,255.0
Other_hyper_9.png,Other,False,Normal,107.579834,114.57471,112.52197,71.118324,66.601364,70.9673,112.24923,67.960106,112.24923,67.960106,0.0,255.0,0.0,255.0,0.0,255.0
Other_hyper_90.png,Other,False,Normal,133.83179,122.66162,128.63306,51.24839,52.82162,53.448215,126.68225,51.663643,126.68225,51.663643,0.0,255.0,0.0,255.0,0.0,255.0
Other_hyper_91.png,Other,False,Normal,102.11548,97.67651,112.232666,56.879375,63.366966,72.85476,100.66317,59.59061,100.66317,59.59061,0.0,255.0,0.0,255.0,0.0,255.0
Other_hyper_92.png,Other,False,Normal,128.31885,132.55542,125.35498,64.05339,63.042103,63.199287,130.46783,63.051777,130.46783,63.051777,0.0,255.0,0.0,255.0,0.0,255.0
Other_hyper_93.png,Other,False,Normal,124.5166,136.02368,117.555664,65.96366,66.85939,64.76387,130.4777,65.2541,130.4777,65.2541,0.0,255.0,0.0,255.0,0.0,255.0
Other_hyper_94.png,Other,False,Normal,163.16797,151.16797,158.5957,56.65721,52.678856,54.642582,155.60272,53.07458,155.60272,53.07458,0.0,255.0,0.0,255.0,0.0,255.0
Other_hyper_95.png,Other,False,Normal,132.4165,135.9524,144.40405,60.858795,53.27692,55.36054,135.85864,54.772095,135.85864,54.772095,0.0,255.0,0.0,255.0,0.0,255.0
Other_hyper_96.png,Other,False,Normal,137.11401,137.3479,136.25098,61.07785,61.08079,62.24887,137.15292,60.98027,137.15292,60.98027,0.0,255.0,0.0,255.0,0.0,255.0
Other_hyper_97.png,Other,False,Normal,134.05957,134.26074,136.13281,66.61932,63.599693,66.887505,134.414,64.60521,134.414,64.60521,0.0,255.0,0.0,255.0,0.0,255.0
Other_hyper_98.png,Other,False,Normal,109.982666,108.79053,97.866455,56.882713,53.77856,56.898567,107.901634,54.58718,107.901634,54.58718,0.0,255.0,0.0,255.0,0.0,255.0
Other_hyper_99.png,Other,False,Normal,91.40454,112.94238,101.869385,59.921165,63.329098,67.08359,105.24024,61.895096,105.24024,61.895096,0.0,255.0,0.0,255.0,0.0,255.0
Rust_hyper_1.png,Rust,False,Normal,132.3645,130.54175,118.56543,65.402565,65.6593,64.573784,129.72144,63.91778,129.72144,63.91778,0.0,255.0,0.0,255.0,0.0,255.0
Rust_hyper_10.png,Rust,False,Normal,95.61133,104.0061,107.461426,66.04665,63.951195,61.947964,101.88997,63.34516,101.88997,63.34516,0.0,255.0,0.0,255.0,0.0,255.0
Rust_hyper_100.png,Rust,False,Normal,72.53931,109.56348,76.60254,66.1617,60.67847,61.624847,94.7357,57.94353,94.7357,57.94353,0.0,255.0,0.0,255.0,0.0,255.0
Rust_hyper_101.png,Rust,False,Normal,127.73657,125.07471,106.94531,62.779003,63.111668,64.789566,123.80385,62.462124,123.80385,62.462124,0.0,255.0,0.0,255.0,0.0,255.0
Rust_hyper_102.png,Rust,False,Normal,86.08862,122.95386,91.977295,61.903145,66.8383,61.192516,108.399826,60.81943,108.399826,60.81943,0.0,255.0,0.0,255.0,0.0,255.0
Rust_hyper_103.png,Rust,False,Normal,114.41455,130.67334,125.615234,58.467373,60.328636,59.322712,125.23534,54.97042,125.23534,54.97042,0.0,255.0,0.0,255.0,0.0,255.0
Rust_hyper_104.png,Rust,False,Normal,106.720215,134.2229,133.50513,58.211742,58.157955,61.87817,125.91777,56.1955,125.91777,56.1955,0.0,255.0,0.0,255.0,0.0,255.0
Rust_hyper_105.png,Rust,False,Normal,126.42285,139.76025,123.457275,53.15958,56.1181,54.09972,133.91382,52.66212,133.91382,52.66212,0.0,255.0,0.0,255.0,0.0,255.0
Rust_hyper_106.png,Rust,False,Normal,124.25391,122.231445,131.84668,70.58706,68.71599,68.53546,123.9323,68.6963,123.9323,68.6963,0.0,255.0,0.0,255.0,0.0,255.0
Rust_hyper_107.png,Rust,False,Normal,96.14136,108.21802,101.03027,64.66989,67.57093,65.816956,103.78769,65.959946,103.78769,65.959946,0.0,255.0,0.0,255.0,0.0,255.0
Rust_hyper_108.png,Rust,False,Normal,101.546875,105.59473,89.77759,64.76662,62.72259,66.52156,102.58127,59.83731,102.58127,59.83731,0.0,255.0,0.0,255.0,0.0,255.0
Rust_hyper_109.png,Rust,False,Normal,104.97241,112.31738,114.601074,58.34281,59.82657,60.604275,110.38158,58.94949,110.38158,58.94949,0.0,255.0,0.0,255.0,0.0,255.0
Rust_hyper_11.png,Rust,False,Normal,89.49707,124.21484,117.377686,62.014843,58.52711,59.059307,113.054794,55.265335,113.054794,55.265335,0.0,255.0,0.0,255.0,0.0,255.0
Rust_hyper_110.png,Rust,False,Normal,130.19751,136.47168,142.76929,63.768322,60.915558,58.314873,135.31363,59.44467,135.31363,59.44467,0.0,255.0,0.0,255.0,0.0,255.0
Rust_hyper_111.png,Rust,False,Normal,66.28735,92.18164,71.27319,57.57354,56.91426,55.937996,82.055695,53.829956,82.055695,53.829956,0.0,255.0,0.0,255.0,0.0,255.0
Rust_hyper_112.png,Rust,False,Normal,98.052246,138.65332,121.03027,58.962887,62.90026,60.127808,124.50458,59.635723,124.50458,59.635723,0.0,255.0,0.0,255.0,0.0,255.0
Rust_hyper_113.png,Rust,False,Normal,110.788086,129.88281,134.49512,59.983894,67.07072,66.82086,124.699295,63.10693,124.699295,63.10693,0.0,255.0,0.0,255.0,0.0,255.0
Rust_hyper_114.png,Rust,False,Normal,115.23389,126.750244,124.6416,66.19492,68.093834,72.67946,123.06647,67.3113,123.06647,67.3113,0.0,255.0,0.0,255.0,0.0,255.0
Rust_hyper_115.png,Rust,False,Normal,105.02734,113.61255,113.14746,60.433186,54.799408,58.172718,110.99255,54.674168,110.99255,54.674168,0.0,255.0,0.0,255.0,0.0,255.0
Rust_hyper_116.png,Rust,False,Normal,104.85913,118.575195,118.535645,62.84348,66.22037,66.47809,114.46959,63.039772,114.46959,63.039772,0.0,255.0,0.0,255.0,0.0,255.0
Rust_hyper_117.png,Rust,False,Normal,104.31299,110.96948,108.63818,62.870556,58.894096,58.928604,108.713425,55.28356,108.713425,55.28356,0.0,255.0,0.0,255.0,0.0,255.0
Rust_hyper_118.png,Rust,False,Normal,94.90112,95.92798,87.87573,55.90485,56.515285,65.2036,94.70299,54.83372,94.70299,54.83372,0.0,255.0,0.0,255.0,0.0,255.0
Rust_hyper_119.png,Rust,False,Normal,102.988525,116.751465,111.45801,73.61922,74.79481,72.97917,112.0329,73.98054,112.0329,73.98054,0.0,255.0,0.0,255.0,0.0,255.0
Rust_hyper_12.png,Rust,False,Normal,97.29126,114.836426,104.40869,63.384377,62.261776,67.391495,108.40166,62.255276,108.40166,62.255276,0.0,255.0,0.0,255.0,0.0,255.0
Rust_hyper_120.png,Rust,False,Normal,98.964355,123.10132,125.927734,66.98144,62.24,65.9362,116.20657,57.099655,116.20657,57.099655,0.0,255.0,0.0,255.0,0.0,255.0
Rust_hyper_121.png,Rust,False,Normal,123.51245,140.44238,140.73535,68.798836,62.328136,65.94538,135.41373,60.58084,135.41373,60.58084,0.0,255.0,0.0,255.0,0.0,255.0
Rust_hyper_122.png,Rust,False,Normal,105.64331,119.754395,109.79077,59.994217,63.60415,63.750027,114.39932,61.162857,114.39932,61.162857,0.0,255.0,0.0,255.0,0.0,255.0
Rust_hyper_123.png,Rust,False,Normal,142.58936,136.99292,130.38428,57.385674,54.86658,55.518845,137.91287,54.76278,137.91287,54.76278,0.0,255.0,0.0,255.0,0.0,255.0
Rust_hyper_124.png,Rust,False,Normal,106.03003,115.79712,108.90552,68.14414,62.83939,67.14367,112.09112,63.164158,112.09112,63.164158,0.0,255.0,0.0,255.0,0.0,255.0
Rust_hyper_125.png,Rust,False,Normal,83.15796,119.64258,93.717285,68.65452,63.598366,68.76935,105.77819,64.127045,105.77819,64.127045,0.0,255.0,0.0,255.0,0.0,255.0
Rust_hyper_126.png,Rust,False,Normal,119.71582,125.6189,124.872314,60.49151,60.74138,62.290012,123.76877,59.16644,123.76877,59.16644,0.0,255.0,0.0,255.0,0.0,255.0
Rust_hyper_127.png,Rust,False,Normal,95.888916,103.34131,94.00806,59.85026,56.39793,58.954113,100.04906,54.69006,100.04906,54.69006,0.0,255.0,0.0,255.0,0.0,255.0
Rust_hyper_128.png,Rust,False,Normal,114.616455,116.664795,110.10254,62.421463,65.39015,63.145782,115.304245,63.194984,115.304245,63.194984,0.0,255.0,0.0,255.0,0.0,255.0
Rust_hyper_129.png,Rust,False,Normal,121.11157,127.073,118.05371,61.22924,60.203625,59.045483,124.26233,57.42535,124.26233,57.42535,0.0,255.0,0.0,255.0,0.0,255.0
Rust_hyper_13.png,Rust,False,Normal,106.00513,103.792725,112.60962,59.231647,65.199905,63.895714,105.459366,57.73855,105.459366,57.73855,0.0,255.0,0.0,255.0,0.0,255.0
Rust_hyper_130.png,Rust,False,Normal,94.52124,109.600586,89.78198,61.26663,65.80822,66.090935,102.832535,63.21635,102.832535,63.21635,0.0,255.0,0.0,255.0,0.0,255.0
Rust_hyper_131.png,Rust,False,Normal,129.18677,125.78198,111.70557,57.202286,57.53356,61.478912,125.19531,56.288754,125.19531,56.288754,0.0,255.0,0.0,255.0,0.0,255.0
Rust_hyper_132.png,Rust,False,Normal,133.59814,142.88477,146.4585,68.80567,54.309307,59.167,140.51547,56.067055,140.51547,56.067055,0.0,255.0,0.0,255.0,0.0,255.0
Rust_hyper_133.png,Rust,False,Normal,79.97974,115.05493,90.59839,65.64364,61.18586,65.673836,101.7794,59.759296,101.7794,59.759296,0.0,255.0,0.0,255.0,0.0,255.0
Rust_hyper_134.png,Rust,False,Normal,111.65259,130.1897,132.97656,60.713215,62.933037,62.905018,124.96481,58.3152,124.96481,58.3152,0.0,255.0,0.0,255.0,0.0,255.0
Rust_hyper_135.png,Rust,False,Normal,97.081055,105.6145,93.8479,71.296295,62.48767,70.16901,101.72161,64.01235,101.72161,64.01235,0.0,255.0,0.0,255.0,0.0,255.0
Rust_hyper_136.png,Rust,False,Normal,125.04077,125.13599,128.0149,63.993584,59.37889,61.654007,125.43571,56.88864,125.43571,56.88864,0.0,255.0,0.0,255.0,0.0,255.0
Rust_hyper_137.png,Rust,False,Normal,127.88428,151.19678,125.309326,56.38819,53.289936,65.212234,141.27518,52.995193,141.27518,52.995193,0.0,255.0,0.0,255.0,0.0,255.0
Rust_hyper_138.png,Rust,False,Normal,118.09033,139.26978,127.84448,57.832783,60.088802,61.80992,131.63464,57.881676,131.63464,57.881676,0.0,255.0,0.0,255.0,0.0,255.0
Rust_hyper_139.png,Rust,False,Normal,90.123535,106.72681,96.528076,63.66728,60.944626,62.543312,100.59977,59.286003,100.59977,59.286003,0.0,255.0,0.0,255.0,0.0,255.0
Rust_hyper_14.png,Rust,False,Normal,81.802734,103.5625,91.56079,66.81598,63.84431,64.600174,95.68813,63.887882,95.68813,63.887882,0.0,255.0,0.0,255.0,0.0,255.0
Rust_hyper_140.png,Rust,False,Normal,96.616455,127.36743,110.11328,57.807575,60.560036,65.40208,116.20591,56.153767,116.20591,56.153767,0.0,255.0,0.0,255.0,0.0,255.0
Rust_hyper_141.png,Rust,False,Normal,109.55664,129.9143,112.013916,55.990974,61.17104,56.820618,121.78672,57.049072,121.78672,57.049072,0.0,255.0,0.0,255.0,0.0,255.0
Rust_hyper_142.png,Rust,False,Normal,71.58423,71.27002,66.2041,57.163876,58.2974,61.272545,70.78645,57.66765,70.78645,57.66765,0.0,255.0,0.0,255.0,0.0,255.0
Rust_hyper_143.png,Rust,False,Normal,82.362305,99.16699,88.85571,62.365097,59.23487,61.942688,92.9669,59.5831,92.9669,59.5831,0.0,255.0,0.0,255.0,0.0,255.0
Rust_hyper_144.png,Rust,False,Normal,112.11279,121.48535,114.93579,66.7788,68.57773,68.45446,117.93631,66.67087,117.93631,66.67087,0.0,255.0,0.0,255.0,0.0,255.0
Rust_hyper_145.png,Rust,False,Normal,130.30444,126.532715,127.26172,61.279606,65.34258,67.74721,127.743576,62.27666,127.743576,62.27666,0.0,255.0,0.0,255.0,0.0,255.0
Rust_hyper_146.png,Rust,False,Normal,116.12207,130.27051,125.133545,59.697838,61.50716,59.42901,125.45451,58.742893,125.45451,58.742893,0.0,255.0,0.0,255.0,0.0,255.0
Rust_hyper_147.png,Rust,False,Normal,127.95361,124.48096,121.50195,66.51512,64.476715,64.05962,125.17968,64.18866,125.17968,64.18866,0.0,255.0,0.0,255.0,0.0,255.0
Rust_hyper_148.png,Rust,False,Normal,114.491455,121.76465,123.612305,56.648388,65.27154,61.979366,119.8006,59.938988,119.8006,59.938988,0.0,255.0,0.0,255.0,0.0,255.0
Rust_hyper_149.png,Rust,False,Normal,126.156006,143.21631,129.0083,57.595978,60.320374,57.893013,136.49557,57.976036,136.49557,57.976036,0.0,255.0,0.0,255.0,0.0,255.0
Rust_hyper_15.png,Rust,False,Normal,108.32031,135.2749,119.15381,66.1183,60.940815,66.62523,125.37768,56.939568,125.37768,56.939568,0.0,255.0,0.0,255.0,0.0,255.0
Rust_hyper_150.png,Rust,False,Normal,87.03638,111.58374,98.328125,59.35752,57.289623,58.275517,102.73294,56.54545,102.73294,56.54545,0.0,255.0,0.0,255.0,0.0,255.0
Rust_hyper_151.png,Rust,False,Normal,112.746826,111.45972,103.99292,71.198456,70.4532,64.34212,110.99335,66.31122,110.99335,66.31122,0.0,255.0,0.0,255.0,0.0,255.0
Rust_hyper_152.png,Rust,False,Normal,115.90454,123.67212,122.20679,60.842068,64.71168,62.330956,121.18256,58.09295,121.18256,58.09295,0.0,255.0,0.0,255.0,0.0,255.0
Rust_hyper_153.png,Rust,False,Normal,103.321045,108.00757,84.7832,60.54506,61.30957,61.161415,103.958725,59.7529,103.958725,59.7529,0.0,255.0,0.0,255.0,0.0,255.0
Rust_hyper_154.png,Rust,False,Normal,108.177246,125.47534,115.90039,62.28893,68.03,65.096695,119.21167,64.125626,119.21167,64.125626,0.0,255.0,0.0,255.0,0.0,255.0
Rust_hyper_155.png,Rust,False,Normal,83.61377,104.26904,92.749756,67.71711,61.489563,66.69976,96.77992,62.163776,96.77992,62.163776,0.0,255.0,0.0,255.0,0.0,255.0
Rust_hyper_156.png,Rust,False,Normal,135.1294,138.31152,147.59668,65.48346,58.705006,59.621708,138.41858,59.517986,138.41858,59.517986,0.0,255.0,0.0,255.0,0.0,255.0
Rust_hyper_157.png,Rust,False,Normal,121.39966,143.42456,136.93701,63.913506,69.770546,66.89202,136.09953,65.86264,136.09953,65.86264,0.0,255.0,0.0,255.0,0.0,255.0
Rust_hyper_158.png,Rust,False,Normal,100.70532,113.04785,108.55347,66.00845,64.40255,63.960068,108.84508,64.559166,108.84508,64.559166,0.0,255.0,0.0,255.0,0.0,255.0
Rust_hyper_159.png,Rust,False,Normal,90.15259,101.63818,118.01416,62.860847,60.437965,62.904087,100.07085,60.298733,100.07085,60.298733,0.0,255.0,0.0,255.0,0.0,255.0
Rust_hyper_16.png,Rust,False,Normal,115.635254,112.25928,111.271484,68.31922,75.56523,69.55734,113.15608,71.67277,113.15608,71.67277,0.0,255.0,0.0,255.0,0.0,255.0
Rust_hyper_160.png,Rust,False,Normal,115.03369,127.73169,125.072754,58.660408,58.165226,58.313004,123.63187,52.535404,123.63187,52.535404,0.0,255.0,0.0,255.0,0.0,255.0
Rust_hyper_161.png,Rust,False,Normal,90.31616,116.17749,97.54712,57.767765,64.03639,60.15442,106.32109,59.792725,106.32109,59.792725,0.0,255.0,0.0,255.0,0.0,255.0
Rust_hyper_162.png,Rust,False,Normal,106.559814,139.43506,120.36865,59.883526,60.3549,58.457523,127.431786,57.906845,127.431786,57.906845,0.0,255.0,0.0,255.0,0.0,255.0
Rust_hyper_163.png,Rust,False,Normal,91.110596,139.08228,103.40259,59.09718,59.59689,57.340218,120.67126,53.25616,120.67126,53.25616,0.0,255.0,0.0,255.0,0.0,255.0
Rust_hyper_164.png,Rust,False,Normal,110.02515,110.903564,112.038086,60.02259,61.096325,63.234077,110.770256,60.166832,110.770256,60.166832,0.0,255.0,0.0,255.0,0.0,255.0
Rust_hyper_165.png,Rust,False,Normal,117.73389,108.258545,110.7478,65.47989,61.709164,66.98351,111.37545,61.459873,111.37545,61.459873,0.0,255.0,0.0,255.0,0.0,255.0
Rust_hyper_166.png,Rust,False,Normal,96.19751,123.4729,129.83911,70.684906,61.796177,65.70941,116.043304,53.3211,116.043304,53.3211,0.0,255.0,0.0,255.0,0.0,255.0
Rust_hyper_167.png,Rust,False,Normal,117.72046,150.24146,143.6997,60.920498,55.45539,54.877552,139.77191,54.603577,139.77191,54.603577,0.0,255.0,0.0,255.0,0.0,255.0
Rust_hyper_168.png,Rust,False,Normal,98.48828,98.12915,110.98169,64.028946,61.11063,62.739506,99.70172,60.956463,99.70172,60.956463,0.0,255.0,0.0,255.0,0.0,255.0
Rust_hyper_169.png,Rust,False,Normal,107.64819,127.45361,115.74072,58.861572,72.02232,61.950287,120.19652,61.06959,120.19652,61.06959,0.0,255.0,0.0,255.0,0.0,255.0
Rust_hyper_17.png,Rust,False,Normal,99.609375,117.75293,111.783936,59.961334,60.67289,59.88053,111.64754,57.66888,111.64754,57.66888,0.0,255.0,0.0,255.0,0.0,255.0
Rust_hyper_170.png,Rust,False,Normal,124.12915,141.9524,115.82349,61.893723,63.012085,62.16032,133.64455,61.227097,133.64455,61.227097,0.0,255.0,0.0,255.0,0.0,255.0
Rust_hyper_171.png,Rust,False,Normal,97.13574,136.83618,113.628174,65.07231,62.55203,64.53961,122.32004,60.409367,122.32004,60.409367,0.0,255.0,0.0,255.0,0.0,255.0
Rust_hyper_172.png,Rust,False,Normal,111.51904,131.33105,110.56494,57.580345,61.709522,60.55992,123.039925,56.63917,123.039925,56.63917,0.0,255.0,0.0,255.0,0.0,255.0
Rust_hyper_173.png,Rust,False,Normal,109.75195,132.32861,117.825195,70.80895,63.194588,65.57925,123.9248,62.430454,123.9248,62.430454,0.0,255.0,0.0,255.0,0.0,255.0
Rust_hyper_174.png,Rust,False,Normal,80.55176,102.934814,72.36743,64.46467,58.457497,58.253426,92.7576,57.70346,92.7576,57.70346,0.0,255.0,0.0,255.0,0.0,255.0
Rust_hyper_175.png,Rust,False,Normal,136.86108,113.58179,114.85278,62.56457,62.267582,66.30142,120.68719,61.04555,120.68719,61.04555,0.0,255.0,0.0,255.0,0.0,255.0
Rust_hyper_176.png,Rust,False,Normal,108.05029,113.4668,123.744385,58.13329,58.30637,64.85252,113.018906,57.37653,113.018906,57.37653,0.0,255.0,0.0,255.0,0.0,255.0
Rust_hyper_177.png,Rust,False,Normal,132.83936,138.32324,132.3418,62.479797,61.256554,60.407406,136.00168,60.449474,136.00168,60.449474,0.0,255.0,0.0,255.0,0.0,255.0
Rust_hyper_178.png,Rust,False,Normal,126.77173,118.87036,123.72949,61.14342,56.90869,59.104652,121.78681,56.579563,121.78681,56.579563,0.0,255.0,0.0,255.0,0.0,255.0
Rust_hyper_179.png,Rust,False,Normal,118.36426,128.50928,98.83447,65.17634,60.848473,64.91911,122.09299,60.89215,122.09299,60.89215,0.0,255.0,0.0,255.0,0.0,255.0
Rust_hyper_18.png,Rust,False,Normal,132.48853,138.22754,131.11475,61.048164,62.186226,64.775024,135.70071,60.670815,135.70071,60.670815,0.0,255.0,0.0,255.0,0.0,255.0
Rust_hyper_180.png,Rust,False,Normal,110.08301,121.94092,99.64502,66.68355,60.225044,65.47968,115.85367,60.511852,115.85367,60.511852,0.0,255.0,0.0,255.0,0.0,255.0
Rust_hyper_181.png,Rust,False,Normal,117.911865,123.08423,116.04004,63.615276,66.62087,68.531784,120.734665,63.26293,120.734665,63.26293,0.0,255.0,0.0,255.0,0.0,255.0
Rust_hyper_182.png,Rust,False,Normal,99.79443,110.72339,116.23584,66.004814,67.985,55.374207,108.084045,64.63521,108.084045,64.63521,0.0,255.0,0.0,255.0,0.0,255.0
Rust_hyper_183.png,Rust,False,Normal,119.438965,120.51416,124.59033,61.966213,60.535366,61.83453,120.657364,58.446922,120.657364,58.446922,0.0,255.0,0.0,255.0,0.0,255.0
Rust_hyper_184.png,Rust,False,Normal,135.84106,139.39893,129.33716,60.722042,61.163944,66.740906,137.18808,61.155613,137.18808,61.155613,0.0,255.0,0.0,255.0,0.0,255.0
Rust_hyper_185.png,Rust,False,Normal,116.35034,111.27905,123.91626,61.71152,64.61614,63.081627,114.23601,62.35721,114.23601,62.35721,0.0,255.0,0.0,255.0,0.0,255.0
Rust_hyper_186.png,Rust,False,Normal,103.69678,126.378174,109.735596,63.748737,61.56879,66.3592,117.69919,57.953953,117.69919,57.953953,0.0,255.0,0.0,255.0,0.0,255.0
Rust_hyper_187.png,Rust,False,Normal,117.00757,118.90796,123.35693,63.378742,57.268723,60.90234,118.846924,54.342426,118.846924,54.342426,0.0,255.0,0.0,255.0,0.0,255.0
Rust_hyper_188.png,Rust,False,Normal,100.79175,125.57861,109.79541,66.95322,60.045837,64.39796,116.36805,60.00935,116.36805,60.00935,0.0,255.0,0.0,255.0,0.0,255.0
Rust_hyper_189.png,Rust,False,Normal,106.396484,113.09009,109.11865,65.81891,62.463207,63.252777,110.635956,59.50255,110.635956,59.50255,0.0,255.0,0.0,255.0,0.0,255.0
Rust_hyper_19.png,Rust,False,Normal,132.74243,131.44922,121.88257,62.83478,58.297737,60.57579,130.7453,56.581036,130.7453,56.581036,0.0,255.0,0.0,255.0,0.0,255.0
Rust_hyper_190.png,Rust,False,Normal,93.51172,121.0979,111.50537,64.81647,62.202187,70.49933,111.75609,59.042774,111.75609,59.042774,0.0,255.0,0.0,255.0,0.0,255.0
Rust_hyper_191.png,Rust,False,Normal,96.58984,90.03711,89.20557,65.92323,72.96829,72.28355,91.90158,70.155655,91.90158,70.155655,0.0,255.0,0.0,255.0,0.0,255.0
Rust_hyper_192.png,Rust,False,Normal,128.42065,145.13428,151.58838,61.85927,59.87637,56.618805,140.87268,58.043324,140.87268,58.043324,0.0,255.0,0.0,255.0,0.0,255.0
Rust_hyper_193.png,Rust,False,Normal,81.987305,98.1543,89.72998,62.568157,64.3289,64.78759,92.36,63.20394,92.36,63.20394,0.0,255.0,0.0,255.0,0.0,255.0
Rust_hyper_194.png,Rust,False,Normal,111.073975,128.6792,111.75,63.937397,61.90613,65.52359,121.48531,59.09317,121.48531,59.09317,0.0,255.0,0.0,255.0,0.0,255.0
Rust_hyper_195.png,Rust,False,Normal,101.48828,110.56885,91.50659,57.689487,59.28286,57.696606,105.680664,57.35078,105.680664,57.35078,0.0,255.0,0.0,255.0,0.0,255.0
Rust_hyper_196.png,Rust,False,Normal,120.299805,131.84619,136.83081,56.21357,62.053596,58.45503,128.96207,58.799156,128.96207,58.799156,0.0,255.0,0.0,255.0,0.0,255.0
Rust_hyper_197.png,Rust,False,Normal,107.13989,114.19214,106.37329,61.642292,61.72681,59.688915,111.19217,57.674625,111.19217,57.674625,0.0,255.0,0.0,255.0,0.0,255.0
Rust_hyper_198.png,Rust,False,Normal,89.27637,108.79053,95.99219,58.836464,57.982964,60.33319,101.49678,56.113674,101.49678,56.113674,0.0,255.0,0.0,255.0,0.0,255.0
Rust_hyper_199.png,Rust,False,Normal,94.92847,112.035645,98.73682,56.3019,59.945618,53.771397,105.40453,56.481266,105.40453,56.481266,0.0,255.0,0.0,255.0,0.0,255.0
Rust_hyper_2.png,Rust,False,Normal,115.95117,131.45312,122.00171,57.920784,56.81676,61.0864,125.740585,52.858295,125.740585,52.858295,0.0,255.0,0.0,255.0,0.0,255.0
Rust_hyper_20.png,Rust,False,Normal,82.604004,81.12427,70.06592,59.007378,59.313026,52.030144,80.30606,56.14488,80.30606,56.14488,0.0,255.0,0.0,255.0,0.0,255.0
Rust_hyper_200.png,Rust,False,Normal,122.066895,119.06909,126.458984,61.858227,62.23396,62.243195,120.80788,60.737614,120.80788,60.737614,0.0,255.0,0.0,255.0,0.0,255.0
Rust_hyper_21.png,Rust,False,Normal,108.97339,99.05371,99.02197,67.13017,69.21163,68.14702,102.01608,67.80845,102.01608,67.80845,0.0,255.0,0.0,255.0,0.0,255.0
Rust_hyper_22.png,Rust,False,Normal,120.61572,138.45557,144.53491,68.15226,56.718575,60.168583,133.8145,53.473846,133.8145,53.473846,0.0,255.0,0.0,255.0,0.0,255.0
Rust_hyper_23.png,Rust,False,Normal,99.60132,110.97998,95.71167,73.98041,71.23612,74.09584,105.837166,71.49475,105.837166,71.49475,0.0,255.0,0.0,255.0,0.0,255.0
Rust_hyper_24.png,Rust,False,Normal,108.45679,135.79736,117.08179,60.351326,57.051006,60.506363,125.48896,54.57927,125.48896,54.57927,0.0,255.0,0.0,255.0,0.0,255.0
Rust_hyper_25.png,Rust,False,Normal,109.55493,128.3435,107.50952,61.655003,58.737564,61.667892,120.35065,58.107704,120.35065,58.107704,0.0,255.0,0.0,255.0,0.0,255.0
Rust_hyper_26.png,Rust,False,Normal,102.69531,101.69043,95.401855,61.394283,62.35562,61.66497,101.273994,60.921276,101.273994,60.921276,0.0,255.0,0.0,255.0,0.0,255.0
Rust_hyper_27.png,Rust,False,Normal,124.14453,135.08301,125.01099,57.724976,59.20439,63.01986,130.66418,56.23663,130.66418,56.23663,0.0,255.0,0.0,255.0,0.0,255.0
Rust_hyper_28.png,Rust,False,Normal,120.7561,129.9414,128.00977,59.531605,57.728188,59.312725,126.97479,57.050262,126.97479,57.050262,0.0,255.0,0.0,255.0,0.0,255.0
Rust_hyper_29.png,Rust,False,Normal,98.74048,116.11304,115.346436,59.449955,61.493183,65.29418,110.831245,59.44768,110.831245,59.44768,0.0,255.0,0.0,255.0,0.0,255.0
Rust_hyper_3.png,Rust,False,Normal,89.47827,98.82861,75.247314,68.314766,69.237,63.0135,93.34459,67.46658,93.34459,67.46658,0.0,255.0,0.0,255.0,0.0,255.0
Rust_hyper_30.png,Rust,False,Normal,111.90088,130.84668,117.14087,62.029247,59.92677,60.707058,123.619415,57.9964,123.619415,57.9964,0.0,255.0,0.0,255.0,0.0,255.0
Rust_hyper_31.png,Rust,False,Normal,87.488525,107.86182,97.360596,60.419956,67.95115,57.2268,100.57307,62.316437,100.57307,62.316437,0.0,255.0,0.0,255.0,0.0,255.0
Rust_hyper_32.png,Rust,False,Normal,108.55444,105.052246,104.938965,65.524635,65.592926,64.05198,106.08649,64.07272,106.08649,64.07272,0.0,255.0,0.0,255.0,0.0,255.0
Rust_hyper_33.png,Rust,False,Normal,108.9082,107.33765,114.816895,70.46109,61.696056,71.03658,108.659874,62.63265,108.659874,62.63265,0.0,255.0,0.0,255.0,0.0,255.0
Rust_hyper_34.png,Rust,False,Normal,118.944824,119.82593,115.522705,67.616806,63.464973,70.23557,119.071915,63.58723,119.071915,63.58723,0.0,255.0,0.0,255.0,0.0,255.0
Rust_hyper_35.png,Rust,False,Normal,88.373535,112.49609,105.812256,63.608173,66.321686,63.889538,104.52149,64.24546,104.52149,64.24546,0.0,255.0,0.0,255.0,0.0,255.0
Rust_hyper_36.png,Rust,False,Normal,125.65259,127.10156,125.81152,62.11847,63.975376,64.678,126.521255,62.01554,126.521255,62.01554,0.0,255.0,0.0,255.0,0.0,255.0
Rust_hyper_37.png,Rust,False,Normal,119.96362,120.67432,125.88257,59.644077,60.526524,62.576008,121.05556,58.938488,121.05556,58.938488,0.0,255.0,0.0,255.0,0.0,255.0
Rust_hyper_38.png,Rust,False,Normal,125.99512,131.08838,124.406494,63.515926,63.872406,59.715607,128.80377,58.903976,128.80377,58.903976,0.0,255.0,0.0,255.0,0.0,255.0
Rust_hyper_39.png,Rust,False,Normal,70.07422,96.72461,77.843506,55.25064,58.03375,57.667023,86.6037,56.207275,86.6037,56.207275,0.0,255.0,0.0,255.0,0.0,255.0
Rust_hyper_4.png,Rust,False,Normal,111.20972,130.42798,114.73779,65.86734,63.431572,65.77624,122.893036,61.5715,122.893036,61.5715,0.0,255.0,0.0,255.0,0.0,255.0
Rust_hyper_40.png,Rust,False,Normal,95.64917,108.23901,91.22095,62.730072,62.46185,62.040863,102.53459,60.12205,102.53459,60.12205,0.0,255.0,0.0,255.0,0.0,255.0
Rust_hyper_41.png,Rust,False,Normal,109.319824,116.02075,120.19531,59.09355,60.82614,60.26532,114.49307,59.64197,114.49307,59.64197,0.0,255.0,0.0,255.0,0.0,255.0
Rust_hyper_42.png,Rust,False,Normal,92.23096,116.01929,103.895996,63.593235,60.74573,61.52327,107.52452,59.01771,107.52452,59.01771,0.0,255.0,0.0,255.0,0.0,255.0
Rust_hyper_43.png,Rust,False,Normal,115.31885,119.508545,122.58984,63.69433,64.81867,63.681385,118.607086,62.434826,118.607086,62.434826,0.0,255.0,0.0,255.0,0.0,255.0
Rust_hyper_44.png,Rust,False,Normal,104.88623,96.3396,88.92041,70.672,71.57266,71.136536,98.049255,70.47381,98.049255,70.47381,0.0,255.0,0.0,255.0,0.0,255.0
Rust_hyper_45.png,Rust,False,Normal,100.231445,155.03442,115.63623,64.4398,62.795044,63.956,134.15694,58.7135,134.15694,58.7135,0.0,255.0,0.0,255.0,0.0,255.0
Rust_hyper_46.png,Rust,False,Normal,100.753174,117.78125,110.368164,59.74675,69.126495,66.07067,111.844765,64.05437,111.844765,64.05437,0.0,255.0,0.0,255.0,0.0,255.0
Rust_hyper_47.png,Rust,False,Normal,111.29736,119.508545,119.84277,74.46307,71.96311,70.577156,117.09151,72.278175,117.09151,72.278175,0.0,255.0,0.0,255.0,0.0,255.0
Rust_hyper_48.png,Rust,False,Normal,102.76245,113.75757,104.79077,65.49662,60.953304,62.249065,109.447815,59.871212,109.447815,59.871212,0.0,255.0,0.0,255.0,0.0,255.0
Rust_hyper_49.png,Rust,False,Normal,128.72778,135.479,128.15112,70.17815,67.14404,63.26884,132.62502,66.94396,132.62502,66.94396,0.0,255.0,0.0,255.0,0.0,255.0
Rust_hyper_5.png,Rust,False,Normal,120.67627,107.53735,129.34497,62.063477,60.301,64.37861,113.95195,59.57323,113.95195,59.57323,0.0,255.0,0.0,255.0,0.0,255.0
Rust_hyper_50.png,Rust,False,Normal,104.99414,133.71265,124.93237,59.446533,56.964954,59.51635,124.12486,54.358627,124.12486,54.358627,0.0,255.0,0.0,255.0,0.0,255.0
Rust_hyper_51.png,Rust,False,Normal,101.548096,116.80176,114.56299,58.39231,66.15349,65.29618,111.98569,61.79562,111.98569,61.79562,0.0,255.0,0.0,255.0,0.0,255.0
Rust_hyper_52.png,Rust,False,Normal,113.54346,126.686035,116.13574,62.489723,63.423405,61.95647,121.553665,59.088,121.553665,59.088,0.0,255.0,0.0,255.0,0.0,255.0
Rust_hyper_53.png,Rust,False,Normal,99.32666,132.77393,107.77197,62.73753,57.358067,60.418537,119.922966,53.74308,119.922966,53.74308,0.0,255.0,0.0,255.0,0.0,255.0
Rust_hyper_54.png,Rust,False,Normal,106.833984,108.43848,106.993164,68.72476,69.10231,70.252975,107.79397,68.52891,107.79397,68.52891,0.0,255.0,0.0,255.0,0.0,255.0
Rust_hyper_55.png,Rust,False,Normal,94.66821,97.630615,102.758545,61.061172,62.77933,62.585766,97.32944,61.548508,97.32944,61.548508,0.0,255.0,0.0,255.0,0.0,255.0
Rust_hyper_56.png,Rust,False,Normal,119.39917,135.23877,132.90283,62.458958,60.088882,62.130398,130.23643,59.71836,130.23643,59.71836,0.0,255.0,0.0,255.0,0.0,255.0
Rust_hyper_57.png,Rust,False,Normal,121.6604,135.42822,126.691895,66.08478,63.49481,64.23556,130.3157,62.377487,130.3157,62.377487,0.0,255.0,0.0,255.0,0.0,255.0
Rust_hyper_58.png,Rust,False,Normal,110.33472,118.31421,124.32617,62.77544,56.48336,63.577507,116.6137,54.169987,116.6137,54.169987,0.0,255.0,0.0,255.0,0.0,255.0
Rust_hyper_59.png,Rust,False,Normal,128.58105,123.83838,129.17871,60.83989,56.7378,59.373253,125.86524,52.860573,125.86524,52.860573,0.0,255.0,0.0,255.0,0.0,255.0
Rust_hyper_6.png,Rust,False,Normal,122.788574,121.63818,131.88501,65.45912,67.35151,75.65847,123.15029,66.59581,123.15029,66.59581,0.0,255.0,0.0,255.0,0.0,255.0
Rust_hyper_60.png,Rust,False,Normal,113.81152,106.05493,109.49707,63.287655,62.16079,62.70533,108.766556,62.170612,108.766556,62.170612,0.0,255.0,0.0,255.0,0.0,255.0
Rust_hyper_61.png,Rust,False,Normal,126.82959,119.70337,93.78223,67.833786,67.17948,68.45021,118.8791,65.52868,118.8791,65.52868,0.0,255.0,0.0,255.0,0.0,255.0
Rust_hyper_62.png,Rust,False,Normal,109.15674,107.40405,96.72534,63.169956,62.945183,64.1875,106.71074,60.066975,106.71074,60.066975,0.0,255.0,0.0,255.0,0.0,255.0
Rust_hyper_63.png,Rust,False,Normal,113.9353,110.71875,111.03467,61.746796,65.806305,62.701057,111.716515,59.361794,111.716515,59.361794,0.0,255.0,0.0,255.0,0.0,255.0
Rust_hyper_64.png,Rust,False,Normal,90.670166,105.65918,84.10376,70.27446,69.808235,72.90807,98.720146,70.016815,98.720146,70.016815,0.0,255.0,0.0,255.0,0.0,255.0
Rust_hyper_65.png,Rust,False,Normal,97.39429,112.02588,92.951904,61.538773,62.202076,63.767742,105.47661,60.61049,105.47661,60.61049,0.0,255.0,0.0,255.0,0.0,255.0
Rust_hyper_66.png,Rust,False,Normal,117.04907,120.39575,122.79346,62.62631,58.283455,60.822186,119.668434,52.66742,119.668434,52.66742,0.0,255.0,0.0,255.0,0.0,255.0
Rust_hyper_67.png,Rust,False,Normal,94.51245,132.05688,116.66016,65.64713,66.6298,60.51434,119.075874,63.113605,119.075874,63.113605,0.0,255.0,0.0,255.0,0.0,255.0
Rust_hyper_68.png,Rust,False,Normal,101.86963,111.68823,101.29956,62.10748,65.90391,64.12941,107.56816,63.646877,107.56816,63.646877,0.0,255.0,0.0,255.0,0.0,255.0
Rust_hyper_69.png,Rust,False,Normal,112.62012,111.36963,94.22485,65.287506,65.93277,63.339092,109.789024,64.23476,109.789024,64.23476,0.0,255.0,0.0,255.0,0.0,255.0
Rust_hyper_7.png,Rust,False,Normal,104.15015,119.27051,110.36328,68.78934,63.592384,67.14324,113.7341,64.93707,113.7341,64.93707,0.0,255.0,0.0,255.0,0.0,255.0
Rust_hyper_70.png,Rust,False,Normal,119.12695,124.7583,118.66724,63.358334,68.33235,68.74814,122.38014,63.218098,122.38014,63.218098,0.0,255.0,0.0,255.0,0.0,255.0
Rust_hyper_71.png,Rust,False,Normal,103.92554,121.25513,101.177246,58.69868,65.489105,55.45234,113.7847,58.04288,113.7847,58.04288,0.0,255.0,0.0,255.0,0.0,255.0
Rust_hyper_72.png,Rust,False,Normal,109.35205,117.71216,127.309814,59.80168,61.720997,61.859238,116.306625,53.721703,116.306625,53.721703,0.0,255.0,0.0,255.0,0.0,255.0
Rust_hyper_73.png,Rust,False,Normal,105.22998,105.61255,96.234375,67.419136,68.37047,69.34544,104.429054,67.74771,104.429054,67.74771,0.0,255.0,0.0,255.0,0.0,255.0
Rust_hyper_74.png,Rust,False,Normal,114.0249,120.95166,123.97998,63.794724,59.59799,63.507748,119.225784,54.942913,119.225784,54.942913,0.0,255.0,0.0,255.0,0.0,255.0
Rust_hyper_75.png,Rust,False,Normal,103.486084,108.49658,111.21582,66.52671,61.677418,65.105576,107.30843,61.343822,107.30843,61.343822,0.0,255.0,0.0,255.0,0.0,255.0
Rust_hyper_76.png,Rust,False,Normal,112.2666,107.966064,102.88623,54.71348,59.48397,54.20368,108.67283,54.76156,108.67283,54.76156,0.0,255.0,0.0,255.0,0.0,255.0
Rust_hyper_77.png,Rust,False,Normal,123.423096,125.25757,119.10205,65.97468,67.49746,65.09687,124.007324,62.532776,124.007324,62.532776,0.0,255.0,0.0,255.0,0.0,255.0
Rust_hyper_78.png,Rust,False,Normal,106.701416,108.30737,108.16577,64.39092,62.95596,69.721115,107.81105,63.63886,107.81105,63.63886,0.0,255.0,0.0,255.0,0.0,255.0
Rust_hyper_79.png,Rust,False,Normal,111.79077,137.92651,139.16821,65.61411,60.341274,60.24897,130.25348,54.79155,130.25348,54.79155,0.0,255.0,0.0,255.0,0.0,255.0
Rust_hyper_8.png,Rust,False,Normal,93.198,129.70166,119.67334,56.01971,57.253258,60.117584,117.64383,53.528904,117.64383,53.528904,0.0,255.0,0.0,255.0,0.0,255.0
Rust_hyper_80.png,Rust,False,Normal,126.954346,123.829346,117.0271,58.25005,62.966663,64.09991,123.988266,59.41572,123.988266,59.41572,0.0,255.0,0.0,255.0,0.0,255.0
Rust_hyper_81.png,Rust,False,Normal,108.82007,115.89307,108.09033,59.58197,57.905975,60.011173,112.88873,55.874565,112.88873,55.874565,0.0,255.0,0.0,255.0,0.0,255.0
Rust_hyper_82.png,Rust,False,Normal,114.14551,139.74194,145.39673,72.89035,65.76579,65.03687,132.73326,65.3586,132.73326,65.3586,0.0,255.0,0.0,255.0,0.0,255.0
Rust_hyper_83.png,Rust,False,Normal,94.71216,139.94434,119.71997,66.458115,65.11336,67.09827,124.11434,62.375286,124.11434,62.375286,0.0,255.0,0.0,255.0,0.0,255.0
Rust_hyper_84.png,Rust,False,Normal,108.43848,104.28931,105.87549,58.30262,57.89747,60.596188,105.71073,54.503635,105.71073,54.503635,0.0,255.0,0.0,255.0,0.0,255.0
Rust_hyper_85.png,Rust,False,Normal,90.298584,93.58594,93.414795,65.37537,73.09597,75.47979,92.58351,70.545746,92.58351,70.545746,0.0,255.0,0.0,255.0,0.0,255.0
Rust_hyper_86.png,Rust,False,Normal,117.70459,116.71948,122.10547,62.15458,64.208336,63.481995,117.62804,60.90124,117.62804,60.90124,0.0,255.0,0.0,255.0,0.0,255.0
Rust_hyper_87.png,Rust,False,Normal,107.75659,113.54736,103.186035,61.07936,59.753384,62.932846,110.634735,58.703804,110.634735,58.703804,0.0,255.0,0.0,255.0,0.0,255.0
Rust_hyper_88.png,Rust,False,Normal,108.09131,104.005615,115.87451,63.45319,63.629562,63.510063,106.58029,62.86597,106.58029,62.86597,0.0,255.0,0.0,255.0,0.0,255.0
Rust_hyper_89.png,Rust,False,Normal,76.81909,117.68237,100.500244,62.790676,64.5648,60.08826,103.50549,51.965992,103.50549,51.965992,0.0,255.0,0.0,255.0,0.0,255.0
Rust_hyper_9.png,Rust,False,Normal,106.06201,122.26929,99.92407,62.43382,62.5843,59.30247,114.87595,59.5778,114.87595,59.5778,0.0,255.0,0.0,255.0,0.0,255.0
Rust_hyper_90.png,Rust,False,Normal,114.10571,118.157715,128.3103,62.552483,63.70996,64.52011,118.10356,63.011562,118.10356,63.011562,0.0,255.0,0.0,255.0,0.0,255.0
Rust_hyper_91.png,Rust,False,Normal,112.427734,133.35498,140.77734,67.83979,68.034775,68.94258,127.943886,65.40513,127.943886,65.40513,0.0,255.0,0.0,255.0,0.0,255.0
Rust_hyper_92.png,Rust,False,Normal,94.240234,105.57129,123.86035,65.514656,64.3427,65.65016,104.26826,53.929604,104.26826,53.929604,0.0,255.0,0.0,255.0,0.0,255.0
Rust_hyper_93.png,Rust,False,Normal,119.11206,129.74707,127.20972,66.88359,66.07937,61.70652,126.27795,64.42845,126.27795,64.42845,0.0,255.0,0.0,255.0,0.0,255.0
Rust_hyper_94.png,Rust,False,Normal,112.5376,105.77661,127.50195,57.598774,60.52107,59.764427,110.27483,57.210712,110.27483,57.210712,0.0,255.0,0.0,255.0,0.0,255.0
Rust_hyper_95.png,Rust,False,Normal,108.47876,141.48633,122.94751,58.40262,58.28619,55.379253,129.50365,55.970154,129.50365,55.970154,0.0,255.0,0.0,255.0,0.0,255.0
Rust_hyper_96.png,Rust,False,Normal,122.95239,128.36255,118.282715,58.741478,56.85517,57.900948,125.59581,55.853268,125.59581,55.853268,0.0,255.0,0.0,255.0,0.0,255.0
Rust_hyper_97.png,Rust,False,Normal,95.714355,132.21362,127.055176,55.65438,59.968098,59.833633,120.71228,54.404488,120.71228,54.404488,0.0,255.0,0.0,255.0,0.0,255.0
Rust_hyper_98.png,Rust,False,Normal,146.83765,150.42773,152.30444,55.970615,54.17761,54.593346,149.56824,54.45846,149.56824,54.45846,0.0,255.0,0.0,255.0,0.0,255.0
Rust_hyper_99.png,Rust,False,Normal,104.41968,101.41211,88.00366,62.52777,62.775993,67.42707,100.78281,62.276394,100.78281,62.276394,0.0,255.0,0.0,255.0,0.0,255.0
